ML_Model,Symbol,FeatureSet,Horizon_Days,Validation_RMSE,Test_RMSE
Linear Regression,AAPL,Basic,1,4.274777654207437,4.610671350812207
Linear Regression,AAPL,Basic,3,8.102187584324469,8.133109633284388
Linear Regression,AAPL,Basic,5,10.445442064950843,11.052244732263576
Linear Regression,AAPL,Advanced,1,4.3853544933863065,4.6261309623580456
Linear Regression,AAPL,Advanced,3,8.181721260105673,8.088874442985064
Linear Regression,AAPL,Advanced,5,10.460117722555161,10.839145650048684
Linear Regression,ABNB,Basic,1,3.009864809098821,2.7775837433624684
Linear Regression,ABNB,Basic,3,5.28240257616778,4.284927158495199
Linear Regression,ABNB,Basic,5,6.664648652362978,5.327288645772163
Linear Regression,ABNB,Advanced,1,3.07823723696975,2.8066588624910644
Linear Regression,ABNB,Advanced,3,5.605043994265149,4.572578954704461
Linear Regression,ABNB,Advanced,5,7.1965894202561,6.057826275388409
Linear Regression,ACN,Basic,1,5.17501084112726,6.255837822328172
Linear Regression,ACN,Basic,3,8.986565734778834,11.372633789551381
Linear Regression,ACN,Basic,5,11.825200297094726,14.788695026325035
Linear Regression,ACN,Advanced,1,5.238492259199104,6.469539274461202
Linear Regression,ACN,Advanced,3,9.24901078842614,11.611785687221248
Linear Regression,ACN,Advanced,5,12.029296994710608,15.139109810755613
Linear Regression,ADBE,Basic,1,7.536339223218681,6.8827127705261
Linear Regression,ADBE,Basic,3,12.258049959959779,12.685442347285322
Linear Regression,ADBE,Basic,5,15.964682458246056,17.83883622777561
Linear Regression,ADBE,Advanced,1,7.666654838418748,7.164436405501044
Linear Regression,ADBE,Advanced,3,12.928173671664627,13.51563531668489
Linear Regression,ADBE,Advanced,5,16.764157801967016,18.925752659030813
Linear Regression,AEP,Basic,1,1.2872269915062833,1.6124418540944065
Linear Regression,AEP,Basic,3,2.2714598525695284,2.761312074386739
Linear Regression,AEP,Basic,5,2.872021213971793,3.4599204718366274
Linear Regression,AEP,Advanced,1,1.2676174380516054,1.6133627931709322
Linear Regression,AEP,Advanced,3,2.2052266779367096,2.8622038908758554
Linear Regression,AEP,Advanced,5,2.761204656210792,3.578562757442774
Linear Regression,AES,Basic,1,0.3498529156136088,0.3284508369728792
Linear Regression,AES,Basic,3,0.5574962582218634,0.44747646632485505
Linear Regression,AES,Basic,5,0.7347486153767391,0.5562370134110441
Linear Regression,AES,Advanced,1,0.3492187818140109,0.327171468755048
Linear Regression,AES,Advanced,3,0.5690814860149286,0.4554548232088013
Linear Regression,AES,Advanced,5,0.7396716894139888,0.5900394060816903
Linear Regression,AFL,Basic,1,1.3728175311415274,1.2595506802352396
Linear Regression,AFL,Basic,3,2.3889419575724222,1.8925308767441937
Linear Regression,AFL,Basic,5,2.963933608249282,2.4670540156588485
Linear Regression,AFL,Advanced,1,1.4376620054196996,1.2975641870414423
Linear Regression,AFL,Advanced,3,2.542542280037972,1.9275099519126409
Linear Regression,AFL,Advanced,5,3.201358021504594,2.463974059130857
Linear Regression,AIG,Basic,1,1.2197196303127045,1.2239000123821007
Linear Regression,AIG,Basic,3,2.1346279437025406,1.988094984075683
Linear Regression,AIG,Basic,5,2.6238514263837924,2.5447758900195367
Linear Regression,AIG,Advanced,1,1.2965807509804532,1.2610400115547595
Linear Regression,AIG,Advanced,3,2.3631207525381055,2.1269511306262534
Linear Regression,AIG,Advanced,5,2.9256018701366258,2.82412254731456
Linear Regression,AMZN,Basic,1,4.5200890721437625,4.539707615124226
Linear Regression,AMZN,Basic,3,7.548757159019684,8.455294626643692
Linear Regression,AMZN,Basic,5,9.300199141442853,11.705557883457374
Linear Regression,AMZN,Advanced,1,4.645736919430598,4.560759473586572
Linear Regression,AMZN,Advanced,3,7.851518670690036,8.556277784513455
Linear Regression,AMZN,Advanced,5,9.81233580792806,12.062199126047526
Linear Regression,AOS,Basic,1,1.016009031545046,1.1969402078884483
Linear Regression,AOS,Basic,3,1.6509132458426021,2.127736597955133
Linear Regression,AOS,Basic,5,1.978419531925809,2.8282406807668843
Linear Regression,AOS,Advanced,1,1.0252676161383105,1.1897450013687143
Linear Regression,AOS,Advanced,3,1.6909741206645488,2.0952783063842206
Linear Regression,AOS,Advanced,5,2.0737083838193393,2.7791836235468756
Linear Regression,APA,Basic,1,0.647642940708034,1.058076358861377
Linear Regression,APA,Basic,3,1.1563624372028647,1.8920591644774236
Linear Regression,APA,Basic,5,1.5096443676225169,2.456182929984869
Linear Regression,APA,Advanced,1,0.6633472686285549,1.0706991169233138
Linear Regression,APA,Advanced,3,1.1986427077930928,1.9093275490936479
Linear Regression,APA,Advanced,5,1.5731427813732521,2.4328943831367345
Linear Regression,APD,Basic,1,4.622991181788087,4.558750208728388
Linear Regression,APD,Basic,3,8.309062964861074,8.26143946412224
Linear Regression,APD,Basic,5,10.192612628983799,10.004765295077469
Linear Regression,APD,Advanced,1,4.739374933548501,4.691791453349213
Linear Regression,APD,Advanced,3,8.4660642715783,8.595446805728347
Linear Regression,APD,Advanced,5,10.45354785964459,10.721438533540612
Linear Regression,APO,Basic,1,3.4673607811445506,3.0675926283220147
Linear Regression,APO,Basic,3,6.163898697575807,5.408273398403975
Linear Regression,APO,Basic,5,7.624966661487206,7.351267358076383
Linear Regression,APO,Advanced,1,3.63645194839329,3.1444251047996175
Linear Regression,APO,Advanced,3,6.986278559200345,5.662973427838172
Linear Regression,APO,Advanced,5,8.591516636145466,7.47161082593015
Linear Regression,AXP,Basic,1,5.648790654498983,6.1155377621003835
Linear Regression,AXP,Basic,3,10.021180091616646,9.911201434837327
Linear Regression,AXP,Basic,5,12.54419348312332,12.158989909596416
Linear Regression,AXP,Advanced,1,6.002906291361254,6.372460728871819
Linear Regression,AXP,Advanced,3,11.018630792620117,10.491648371900473
Linear Regression,AXP,Advanced,5,13.715680507775291,12.604574732482135
Linear Regression,BA,Basic,1,4.358542631001661,4.665673216419052
Linear Regression,BA,Basic,3,7.958453862826472,8.485697163700737
Linear Regression,BA,Basic,5,10.57783083878324,10.562063648402692
Linear Regression,BA,Advanced,1,4.64721118815891,4.753597767491142
Linear Regression,BA,Advanced,3,8.560558236809584,8.75736988722485
Linear Regression,BA,Advanced,5,11.281378523126463,10.573545410470535
Linear Regression,BKNG,Basic,1,3.4562965362525473,4.592563120908017
Linear Regression,BKNG,Basic,3,5.760297551741949,8.069326970758969
Linear Regression,BKNG,Basic,5,7.224860404476494,10.908749265193352
Linear Regression,BKNG,Advanced,1,3.5501499905036935,4.5173884272932705
Linear Regression,BKNG,Advanced,3,6.003798028707202,7.985369145208296
Linear Regression,BKNG,Advanced,5,7.541920877956359,10.768396675726047
Linear Regression,BKR,Basic,1,0.9445707843240416,1.3450926678531487
Linear Regression,BKR,Basic,3,1.7214382419906646,2.481840480640544
Linear Regression,BKR,Basic,5,2.191010408035197,3.4147213536395853
Linear Regression,BKR,Advanced,1,0.9622905691922753,1.3965005193513436
Linear Regression,BKR,Advanced,3,1.804959180264555,2.650716704305999
Linear Regression,BKR,Advanced,5,2.3246428576832354,3.6323508928034776
Linear Regression,BR,Basic,1,3.1433059180188336,3.496655835115272
Linear Regression,BR,Basic,3,5.366447259580815,6.1143992466900725
Linear Regression,BR,Basic,5,6.519272248053501,8.34146902821792
Linear Regression,BR,Advanced,1,3.1967518206238084,3.6045298971895074
Linear Regression,BR,Advanced,3,5.52953573673558,6.335044782617312
Linear Regression,BR,Advanced,5,6.679381685208549,8.807541227599186
Linear Regression,CARR,Basic,1,1.3987850263172101,1.5828402431532465
Linear Regression,CARR,Basic,3,2.629771889420456,2.4862704143757357
Linear Regression,CARR,Basic,5,3.3702393362995693,3.0851997958462447
Linear Regression,CARR,Advanced,1,1.4623428027945993,1.5986725341122463
Linear Regression,CARR,Advanced,3,2.7762625091107798,2.5138135540926068
Linear Regression,CARR,Advanced,5,3.5886906856471414,3.1170541425283043
Linear Regression,CASY,Basic,1,8.13352634376065,19.276301022303116
Linear Regression,CASY,Basic,3,13.285562277780336,34.68664970494557
Linear Regression,CASY,Basic,5,16.72440357843498,44.442692379466614
Linear Regression,CASY,Advanced,1,8.414994819522784,20.95342237760215
Linear Regression,CASY,Advanced,3,13.745431256293521,40.73986786564784
Linear Regression,CASY,Advanced,5,17.268857982507992,54.65147804801986
Linear Regression,CAT,Basic,1,9.44129277037254,22.823510783062783
Linear Regression,CAT,Basic,3,19.55990135112746,33.581988967125106
Linear Regression,CAT,Basic,5,28.38691694213988,45.555999566597784
Linear Regression,CAT,Advanced,1,9.042356376362008,23.06270589543159
Linear Regression,CAT,Advanced,3,17.654728536565138,33.30805605247907
Linear Regression,CAT,Advanced,5,24.768623118915205,45.05059443917229
Linear Regression,CBRE,Basic,1,2.5257014452708013,3.4906608953602896
Linear Regression,CBRE,Basic,3,4.440068371233781,6.403598218506673
Linear Regression,CBRE,Basic,5,5.674306460320527,7.807511264729063
Linear Regression,CBRE,Advanced,1,2.6414131809178656,3.609966444589602
Linear Regression,CBRE,Advanced,3,4.775954567199491,6.969232061412037
Linear Regression,CBRE,Advanced,5,6.054986896921249,8.533268677915082
Linear Regression,CEG,Basic,1,12.261461416164245,10.652663162338042
Linear Regression,CEG,Basic,3,22.696398759731093,21.326471111302478
Linear Regression,CEG,Basic,5,31.821705214248226,29.657759372219346
Linear Regression,CEG,Advanced,1,13.487308475017786,12.446280050284857
Linear Regression,CEG,Advanced,3,25.254168684416907,27.10523270935963
Linear Regression,CEG,Advanced,5,35.79212247163001,41.38880198695066
Linear Regression,CHRW,Basic,1,2.8615969458727037,4.765252394000928
Linear Regression,CHRW,Basic,3,5.48920508061214,8.224515742757378
Linear Regression,CHRW,Basic,5,7.475095379044395,10.175111741692993
Linear Regression,CHRW,Advanced,1,2.8438745393823828,4.8445629966490165
Linear Regression,CHRW,Advanced,3,5.497424771917815,8.28039584411093
Linear Regression,CHRW,Advanced,5,7.499923106826368,10.196635082416154
Linear Regression,CI,Basic,1,6.071421729366649,4.778663287126877
Linear Regression,CI,Basic,3,10.176937290987203,8.087276208559459
Linear Regression,CI,Basic,5,11.951886407274698,9.895297839586338
Linear Regression,CI,Advanced,1,6.2971994373033295,4.857420734918096
Linear Regression,CI,Advanced,3,10.651052632668433,8.317253040023363
Linear Regression,CI,Advanced,5,12.846739453610216,10.433362538584445
Linear Regression,CL,Basic,1,1.1334025038383122,1.4106327403933054
Linear Regression,CL,Basic,3,1.8780369381456268,2.371060855799943
Linear Regression,CL,Basic,5,2.304537781077596,3.157975515712982
Linear Regression,CL,Advanced,1,1.1379198981285665,1.4699743543484165
Linear Regression,CL,Advanced,3,1.9254842834919499,2.4305974073119763
Linear Regression,CL,Advanced,5,2.3378041307803197,3.1961616091533367
Linear Regression,COO,Basic,1,1.7805874233931178,1.2531406351974548
Linear Regression,COO,Basic,3,3.0603728734779616,2.345947990720021
Linear Regression,COO,Basic,5,3.9042481592472336,3.2485724950824544
Linear Regression,COO,Advanced,1,1.9230443900226566,1.3044605080032203
Linear Regression,COO,Advanced,3,3.211571749652765,2.4497348519938997
Linear Regression,COO,Advanced,5,4.037158882886687,3.38602680016992
Linear Regression,COP,Basic,1,1.9185780606571674,2.3150951124515005
Linear Regression,COP,Basic,3,3.3541523209850084,3.801734172910288
Linear Regression,COP,Basic,5,4.274900141450105,5.035027134331496
Linear Regression,COP,Advanced,1,1.9438563700979814,2.339871702876631
Linear Regression,COP,Advanced,3,3.4108602211553336,3.9729310003679963
Linear Regression,COP,Advanced,5,4.34762170495881,5.501287429217928
Linear Regression,COST,Basic,1,13.126724847383981,13.653184200042546
Linear Regression,COST,Basic,3,23.221224677590445,26.0895354242852
Linear Regression,COST,Basic,5,30.565235385638225,35.02322514474648
Linear Regression,COST,Advanced,1,13.299375951080231,13.973343543775027
Linear Regression,COST,Advanced,3,23.258771523609727,26.49671356292811
Linear Regression,COST,Advanced,5,30.427461174915873,35.68095432064899
Linear Regression,CSCO,Basic,1,0.9590046956595889,2.507317701516152
Linear Regression,CSCO,Basic,3,1.6981865950892554,4.47025115915425
Linear Regression,CSCO,Basic,5,2.2127838678777767,5.640826878568548
Linear Regression,CSCO,Advanced,1,0.9572929766015997,2.6290754529004863
Linear Regression,CSCO,Advanced,3,1.6865702042607247,4.470658503750877
Linear Regression,CSCO,Advanced,5,2.162434357555083,5.524568787783336
Linear Regression,CSGP,Basic,1,1.6017344542606042,1.5837785677349616
Linear Regression,CSGP,Basic,3,2.700169721727978,3.065735629701019
Linear Regression,CSGP,Basic,5,3.511279740336812,4.247766392145571
Linear Regression,CSGP,Advanced,1,1.6480980273019274,1.5779888368389385
Linear Regression,CSGP,Advanced,3,2.791975327943614,3.132860122511842
Linear Regression,CSGP,Advanced,5,3.582224670772515,4.206428180048643
Linear Regression,CTAS,Basic,1,2.7984694236325818,2.6944110307187037
Linear Regression,CTAS,Basic,3,4.753894462215037,4.562999737948471
Linear Regression,CTAS,Basic,5,5.994929278340509,5.90053096448326
Linear Regression,CTAS,Advanced,1,2.9226724054816535,2.6841083811074458
Linear Regression,CTAS,Advanced,3,4.863041951223645,4.596617435969873
Linear Regression,CTAS,Advanced,5,6.256209833867662,5.766240218197734
Linear Regression,CTSH,Basic,1,1.2048877225548156,1.6897689938714895
Linear Regression,CTSH,Basic,3,2.158812050505384,3.084413592738198
Linear Regression,CTSH,Basic,5,2.8419155570272028,4.1313986293249645
Linear Regression,CTSH,Advanced,1,1.2460400769885411,1.770540144464591
Linear Regression,CTSH,Advanced,3,2.387054366788081,3.1745728613793758
Linear Regression,CTSH,Advanced,5,3.119654692870663,4.17927450680028
Linear Regression,CTVA,Basic,1,1.0547435333916826,1.1530899865856203
Linear Regression,CTVA,Basic,3,1.790605474193856,2.064545340970565
Linear Regression,CTVA,Basic,5,2.2521217098290864,2.7911384707490448
Linear Regression,CTVA,Advanced,1,1.082055075913998,1.2040546786531268
Linear Regression,CTVA,Advanced,3,1.9504626240983056,2.133106477627284
Linear Regression,CTVA,Advanced,5,2.63473421206399,2.835553076121024
Linear Regression,CVS,Basic,1,1.23778078826995,1.8820398398216713
Linear Regression,CVS,Basic,3,2.3152525478893966,3.310038343204772
Linear Regression,CVS,Basic,5,2.893705245516434,4.370933929771722
Linear Regression,CVS,Advanced,1,1.2930710402855707,1.8935530547676038
Linear Regression,CVS,Advanced,3,2.4908773132534816,3.3199505348703258
Linear Regression,CVS,Advanced,5,3.184541908389093,4.316381285606218
Linear Regression,CVX,Basic,1,2.194985552610034,3.0580009235756873
Linear Regression,CVX,Basic,3,4.024855047501691,5.181712167137053
Linear Regression,CVX,Basic,5,5.14366972623117,6.994176143788425
Linear Regression,CVX,Advanced,1,2.238929934388732,3.1558611732779993
Linear Regression,CVX,Advanced,3,4.048385346227091,5.458595711230668
Linear Regression,CVX,Advanced,5,5.1574023168592475,7.6712984328671245
Linear Regression,D,Basic,1,0.7492499666795384,0.8980652465847868
Linear Regression,D,Basic,3,1.2105371828933504,1.4625516333844042
Linear Regression,D,Basic,5,1.3619794278616828,1.808847389731723
Linear Regression,D,Advanced,1,0.7757627761288755,0.9572490690953207
Linear Regression,D,Advanced,3,1.2876473444758196,1.545189520042585
Linear Regression,D,Advanced,5,1.4466965023021168,1.9332452722137479
Linear Regression,DASH,Basic,1,6.241626170317266,5.178228987269951
Linear Regression,DASH,Basic,3,11.000548686090156,9.209546363346591
Linear Regression,DASH,Basic,5,14.7295401081347,11.474752561513077
Linear Regression,DASH,Advanced,1,7.06635211557884,5.155202346247455
Linear Regression,DASH,Advanced,3,13.475334815990555,9.283183503673136
Linear Regression,DASH,Advanced,5,18.125310270359364,11.80438357802978
Linear Regression,DG,Basic,1,2.36431538443115,2.8512831971300856
Linear Regression,DG,Basic,3,4.072683159665191,5.14322552857931
Linear Regression,DG,Basic,5,5.02725776781047,6.886266879493288
Linear Regression,DG,Advanced,1,2.4362043054221463,2.8343868636737497
Linear Regression,DG,Advanced,3,4.120840951679525,5.09113787089853
Linear Regression,DG,Advanced,5,5.081256985290112,6.722220299702332
Linear Regression,DHR,Basic,1,4.153604233188358,3.6365077392610323
Linear Regression,DHR,Basic,3,6.9494525944095145,6.469000190451425
Linear Regression,DHR,Basic,5,8.705383317256796,8.433759739292427
Linear Regression,DHR,Advanced,1,4.120630065981589,3.7366525458751023
Linear Regression,DHR,Advanced,3,6.94075303727284,6.766849834230331
Linear Regression,DHR,Advanced,5,8.882279472990165,8.80578143871738
Linear Regression,DIS,Basic,1,1.8471214909173554,1.8307202456003755
Linear Regression,DIS,Basic,3,3.2448947276280737,2.599015448176536
Linear Regression,DIS,Basic,5,4.289217823909688,3.1945797751796774
Linear Regression,DIS,Advanced,1,1.8301211615422839,1.8501320849945808
Linear Regression,DIS,Advanced,3,3.362669632653798,2.6221560865191647
Linear Regression,DIS,Advanced,5,4.473861290269819,3.2475859727895404
Linear Regression,DVA,Basic,1,2.837483401356194,4.853024305421996
Linear Regression,DVA,Basic,3,4.884495596710343,9.364970337024108
Linear Regression,DVA,Basic,5,6.285913795050301,12.253696754507962
Linear Regression,DVA,Advanced,1,2.8323679924968737,4.945777568487118
Linear Regression,DVA,Advanced,3,4.792669272278697,9.595638418539286
Linear Regression,DVA,Advanced,5,6.1352149915274286,12.549668019314737
Linear Regression,DVN,Basic,1,0.8494551706642366,1.0336920769607287
Linear Regression,DVN,Basic,3,1.4983868147474528,1.878344194568784
Linear Regression,DVN,Basic,5,1.9173263226139647,2.4339566149788734
Linear Regression,DVN,Advanced,1,0.8623672957607091,1.0663247284213662
Linear Regression,DVN,Advanced,3,1.5652963114772291,1.9413165660702825
Linear Regression,DVN,Advanced,5,1.9909929284677588,2.5725501366207024
Linear Regression,DXCM,Basic,1,2.0803167948527865,1.5763937555406107
Linear Regression,DXCM,Basic,3,3.5245942341001393,2.766950420756964
Linear Regression,DXCM,Basic,5,4.659882079522139,3.596267016018302
Linear Regression,DXCM,Advanced,1,2.0743723085757355,1.5963390025797217
Linear Regression,DXCM,Advanced,3,3.475254164519472,2.7971745315096213
Linear Regression,DXCM,Advanced,5,4.553744775080396,3.6984175245498427
Linear Regression,EA,Basic,1,3.1335403719031536,1.0828879628743675
Linear Regression,EA,Basic,3,5.9362720861695975,2.5229445404584476
Linear Regression,EA,Basic,5,7.825875907650131,3.835635103856377
Linear Regression,EA,Advanced,1,3.410514288327986,0.9614233729459329
Linear Regression,EA,Advanced,3,6.829694485167947,1.9571469353350377
Linear Regression,EA,Advanced,5,9.239982472757138,3.17470102263508
Linear Regression,ED,Basic,1,1.2159027805243896,1.2034965437307925
Linear Regression,ED,Basic,3,2.106052512768636,2.0684791560162994
Linear Regression,ED,Basic,5,2.5307104461478644,2.67206568746692
Linear Regression,ED,Advanced,1,1.2132632891182704,1.1831708941012589
Linear Regression,ED,Advanced,3,2.144058264983815,2.0244482405911257
Linear Regression,ED,Advanced,5,2.601212467213727,2.61478951412706
Linear Regression,EOG,Basic,1,2.029333755790963,2.472083505211569
Linear Regression,EOG,Basic,3,3.499170428663846,4.220012088406312
Linear Regression,EOG,Basic,5,4.537461172960057,5.454195022728336
Linear Regression,EOG,Advanced,1,2.1008573829130595,2.4555358998900014
Linear Regression,EOG,Advanced,3,3.690309926850303,4.132040064194626
Linear Regression,EOG,Advanced,5,4.764657660795996,5.485494917717122
Linear Regression,EW,Basic,1,1.123119634343602,1.4187204417034842
Linear Regression,EW,Basic,3,1.9620417085996724,2.1999158489308983
Linear Regression,EW,Basic,5,2.5512215476648747,2.7162921310532786
Linear Regression,EW,Advanced,1,1.150496705713023,1.4261372241166483
Linear Regression,EW,Advanced,3,1.974274771661902,2.1946441841410564
Linear Regression,EW,Advanced,5,2.610495916734758,2.6906219769900863
Linear Regression,EXE,Basic,1,2.212876160590559,1.96253504233064
Linear Regression,EXE,Basic,3,4.378960730769458,3.061268043348244
Linear Regression,EXE,Basic,5,6.100749743682768,3.911435747357787
Linear Regression,EXE,Advanced,1,2.3118945194934706,2.0432562836238124
Linear Regression,EXE,Advanced,3,4.624516859811552,3.468854611341263
Linear Regression,EXE,Advanced,5,6.095961395540962,4.867816702180183
Linear Regression,FANG,Basic,1,3.388172254460066,3.913045916563441
Linear Regression,FANG,Basic,3,5.913081586209134,7.029439088640616
Linear Regression,FANG,Basic,5,7.4467433402426675,8.635481436531219
Linear Regression,FANG,Advanced,1,3.508896471720803,4.014328391506816
Linear Regression,FANG,Advanced,3,6.050852681520857,7.206715561912029
Linear Regression,FANG,Advanced,5,7.77865717328479,9.028834724159724
Linear Regression,GEHC,Basic,1,1.8260445693183232,1.6300209482973198
Linear Regression,GEHC,Basic,3,3.617048187225209,2.6699613476520345
Linear Regression,GEHC,Basic,5,4.811670916845899,3.507021352406189
Linear Regression,GEHC,Advanced,1,2.2296638976750582,1.8006384446891184
Linear Regression,GEHC,Advanced,3,4.100143801271754,3.0172994687872587
Linear Regression,GEHC,Advanced,5,5.58638883388395,3.7463970008198
Linear Regression,GILD,Basic,1,1.886729728934181,2.448731734667931
Linear Regression,GILD,Basic,3,3.181372180467076,4.0499982843369065
Linear Regression,GILD,Basic,5,4.037370144117021,5.508502003852745
Linear Regression,GILD,Advanced,1,1.9490040985624852,2.4825046360835694
Linear Regression,GILD,Advanced,3,3.3058066397943207,4.189344025655331
Linear Regression,GILD,Advanced,5,4.203712711189313,5.925442494130636
Linear Regression,GIS,Basic,1,0.7510610519198395,0.7570105220130309
Linear Regression,GIS,Basic,3,1.2157761307064368,1.3067764157514883
Linear Regression,GIS,Basic,5,1.3627864346112117,1.7631021311677753
Linear Regression,GIS,Advanced,1,0.7599045689441647,0.7925946030783266
Linear Regression,GIS,Advanced,3,1.2576274845996274,1.3851113425500192
Linear Regression,GIS,Advanced,5,1.4877301468973048,1.8281549012277074
Linear Regression,GOOGL,Basic,1,4.2245871039640335,7.210019247597897
Linear Regression,GOOGL,Basic,3,7.445233674283533,14.438773738030397
Linear Regression,GOOGL,Basic,5,9.670493309113834,21.06933188029422
Linear Regression,GOOGL,Advanced,1,4.282466764399719,7.225210417894396
Linear Regression,GOOGL,Advanced,3,7.681295696007768,14.852807253300245
Linear Regression,GOOGL,Advanced,5,10.067796872400535,21.8383016769459
Linear Regression,GS,Basic,1,12.337231446502829,20.901696642441486
Linear Regression,GS,Basic,3,23.472936585802284,30.952819740313757
Linear Regression,GS,Basic,5,29.76207956388915,37.68421763060368
Linear Regression,GS,Advanced,1,12.117588208809018,21.718091057247836
Linear Regression,GS,Advanced,3,22.851440548212654,30.864770829787698
Linear Regression,GS,Advanced,5,28.831443406289214,37.60696952447618
Linear Regression,HPE,Basic,1,0.5409172765482331,1.5100091803414633
Linear Regression,HPE,Basic,3,0.9988648841863691,3.0631572540429044
Linear Regression,HPE,Basic,5,1.363205200636487,4.029991489477061
Linear Regression,HPE,Advanced,1,0.5395390571865549,1.5991337263697512
Linear Regression,HPE,Advanced,3,0.9738879796433776,3.169757352654744
Linear Regression,HPE,Advanced,5,1.3267218567332328,4.341162353967009
Linear Regression,IFF,Basic,1,1.2433339306326854,1.8773224608325043
Linear Regression,IFF,Basic,3,2.1068821430648614,3.1243740333375993
Linear Regression,IFF,Basic,5,2.634603323692102,4.09232804613281
Linear Regression,IFF,Advanced,1,1.2478489634747143,1.8921515438430687
Linear Regression,IFF,Advanced,3,2.103611009915573,3.1491101082731423
Linear Regression,IFF,Advanced,5,2.5849060900193472,4.063403496811554
Linear Regression,IP,Basic,1,1.1055166322143726,1.0392093865315946
Linear Regression,IP,Basic,3,1.9830230050893511,1.7315273387291956
Linear Regression,IP,Basic,5,2.6025097266440445,2.231785673104692
Linear Regression,IP,Advanced,1,1.1368542454919566,1.0395024101387242
Linear Regression,IP,Advanced,3,2.0391049320803307,1.8144519936737131
Linear Regression,IP,Advanced,5,2.6895746784750854,2.3505911712121685
Linear Regression,IRM,Basic,1,1.974488671652931,2.4010537684100597
Linear Regression,IRM,Basic,3,3.828059480960238,4.448076873196467
Linear Regression,IRM,Basic,5,5.284756542961354,6.122914635542845
Linear Regression,IRM,Advanced,1,1.9023344453369977,2.4737506963455
Linear Regression,IRM,Advanced,3,3.604077696945288,4.71508569163878
Linear Regression,IRM,Advanced,5,5.174416869731042,6.514938299373476
Linear Regression,JPM,Basic,1,4.0411602700692,4.752899621961301
Linear Regression,JPM,Basic,3,7.355379572501252,7.6678081695133935
Linear Regression,JPM,Basic,5,9.186279161464526,9.789351372906344
Linear Regression,JPM,Advanced,1,4.388209589209161,4.831764410848562
Linear Regression,JPM,Advanced,3,8.357018938307736,7.31103103217972
Linear Regression,JPM,Advanced,5,10.584942254909492,9.114592569575514
Linear Regression,KIM,Basic,1,0.28978093313285497,0.27502711065318663
Linear Regression,KIM,Basic,3,0.4750520380550492,0.5307988331055746
Linear Regression,KIM,Basic,5,0.5630516753260932,0.7333329274922032
Linear Regression,KIM,Advanced,1,0.29455714850165354,0.2721423588226704
Linear Regression,KIM,Advanced,3,0.4989687999312003,0.5125922049816272
Linear Regression,KIM,Advanced,5,0.5995343041176299,0.7194549473805495
Linear Regression,KO,Basic,1,0.7358257951277192,0.9566551813023049
Linear Regression,KO,Basic,3,1.2235960665439958,1.6590464607370226
Linear Regression,KO,Basic,5,1.5211613688039471,2.233088344980194
Linear Regression,KO,Advanced,1,0.7627301210416733,0.9962256762820871
Linear Regression,KO,Advanced,3,1.3562675284644,1.7533836077921863
Linear Regression,KO,Advanced,5,1.6999083747845127,2.3546383732247955
Linear Regression,LNT,Basic,1,0.6698570806001114,0.7991221596310608
Linear Regression,LNT,Basic,3,1.1340558980113369,1.3747723520392867
Linear Regression,LNT,Basic,5,1.356244837357547,1.7150781213048505
Linear Regression,LNT,Advanced,1,0.6695999265425001,0.8056564267458438
Linear Regression,LNT,Advanced,3,1.200135912256395,1.3940862755474712
Linear Regression,LNT,Advanced,5,1.4206388929479181,1.7362826801438478
Linear Regression,LYB,Basic,1,1.4096731394310213,1.999475550068758
Linear Regression,LYB,Basic,3,2.431603738132102,3.4651229541159987
Linear Regression,LYB,Basic,5,3.173038231193766,4.665447928216576
Linear Regression,LYB,Advanced,1,1.4638675702825514,2.0851548480515296
Linear Regression,LYB,Advanced,3,2.493805500386629,3.649530094140806
Linear Regression,LYB,Advanced,5,3.2754497205786737,4.862196841864439
Linear Regression,MAA,Basic,1,1.859454589718453,1.6831884230743162
Linear Regression,MAA,Basic,3,3.1567197671500735,2.8073697829023256
Linear Regression,MAA,Basic,5,3.878372680067946,3.5797005579499843
Linear Regression,MAA,Advanced,1,1.882250627295152,1.693832899983752
Linear Regression,MAA,Advanced,3,3.2113230955897287,2.885021903342328
Linear Regression,MAA,Advanced,5,4.03172400495535,3.6768532549208004
Linear Regression,META,Basic,1,15.274088416133111,16.703345653938133
Linear Regression,META,Basic,3,26.68389016771893,28.193676691731227
Linear Regression,META,Basic,5,34.897313115599005,35.15790650727478
Linear Regression,META,Advanced,1,15.616135925070674,16.852480340474646
Linear Regression,META,Advanced,3,28.48764879059751,29.035525984197452
Linear Regression,META,Advanced,5,36.90388131320548,36.646651645798336
Linear Regression,MLM,Basic,1,7.81816445982052,12.47792425833307
Linear Regression,MLM,Basic,3,12.814324919538198,20.405283053244123
Linear Regression,MLM,Basic,5,15.371197455749801,25.495386372552908
Linear Regression,MLM,Advanced,1,8.080831884155323,12.065621805451874
Linear Regression,MLM,Advanced,3,12.942690196103856,20.19058651160624
Linear Regression,MLM,Advanced,5,15.502915572878667,25.678542534108807
Linear Regression,MMM,Basic,1,2.66066649811929,2.6632383732568656
Linear Regression,MMM,Basic,3,4.617536880100595,4.631660776860418
Linear Regression,MMM,Basic,5,5.549053735661079,5.812427297753424
Linear Regression,MMM,Advanced,1,2.7145512007851993,2.741262887283247
Linear Regression,MMM,Advanced,3,4.797604538273915,4.837075740794842
Linear Regression,MMM,Advanced,5,5.879241680455414,6.039884509543507
Linear Regression,MOS,Basic,1,0.6987539730845097,0.780908753756671
Linear Regression,MOS,Basic,3,1.2218145558148732,1.3594182346162316
Linear Regression,MOS,Basic,5,1.6147025970315265,1.6015765411466554
Linear Regression,MOS,Advanced,1,0.7331680309754576,0.7910106927418032
Linear Regression,MOS,Advanced,3,1.374922005177999,1.3455569104787186
Linear Regression,MOS,Advanced,5,1.853445370289279,1.5848882568468268
Linear Regression,NFLX,Basic,1,2.408420571836107,2.2182721525963176
Linear Regression,NFLX,Basic,3,4.595725919186572,4.672998318008549
Linear Regression,NFLX,Basic,5,6.483033572140153,6.865201907847269
Linear Regression,NFLX,Advanced,1,2.613564839274938,2.2149493435984535
Linear Regression,NFLX,Advanced,3,5.2810515483217015,4.6683402185912595
Linear Regression,NFLX,Advanced,5,7.463629149130116,6.620745548288159
Linear Regression,NKE,Basic,1,1.667530967733786,1.238125519675897
Linear Regression,NKE,Basic,3,2.871640844279061,2.1125265368555857
Linear Regression,NKE,Basic,5,3.835581546285787,2.8972242212044303
Linear Regression,NKE,Advanced,1,1.6738642256693177,1.2545884014658752
Linear Regression,NKE,Advanced,3,2.9398094015620964,2.238026934955727
Linear Regression,NKE,Advanced,5,3.970301006107713,3.075084661579817
Linear Regression,NOW,Basic,1,4.63068892946472,4.471774974268451
Linear Regression,NOW,Basic,3,8.260676498511955,8.209002192055827
Linear Regression,NOW,Basic,5,10.7479971164306,10.528619581726971
Linear Regression,NOW,Advanced,1,4.7616840188880545,4.759215724678595
Linear Regression,NOW,Advanced,3,8.400961960217083,9.001762889714895
Linear Regression,NOW,Advanced,5,11.075448456201642,11.629651844500277
Linear Regression,OMC,Basic,1,1.398587297421101,1.8198009565639695
Linear Regression,OMC,Basic,3,2.3334313976728183,3.0710702293562604
Linear Regression,OMC,Basic,5,2.8789032424365737,3.9155002269226165
Linear Regression,OMC,Advanced,1,1.4040571408496894,1.8829789912609096
Linear Regression,OMC,Advanced,3,2.3404349507624564,3.1810106178802773
Linear Regression,OMC,Advanced,5,2.886282941398035,4.107869520929013
Linear Regression,PEP,Basic,1,1.9374683435507034,2.167176560485108
Linear Regression,PEP,Basic,3,3.1465736731603817,3.8156916747754943
Linear Regression,PEP,Basic,5,3.957045064626466,5.1404862542329885
Linear Regression,PEP,Advanced,1,1.9890509875800115,2.2517850673653212
Linear Regression,PEP,Advanced,3,3.2691279850826636,4.180266532503422
Linear Regression,PEP,Advanced,5,3.987501971950301,5.78195727470448
Linear Regression,PYPL,Basic,1,1.7498342865443748,1.3520089947345024
Linear Regression,PYPL,Basic,3,2.950960774421189,2.474988736719255
Linear Regression,PYPL,Basic,5,3.798966618090101,3.325315536819193
Linear Regression,PYPL,Advanced,1,1.7623622887616397,1.3949072856820082
Linear Regression,PYPL,Advanced,3,3.102203388694662,2.637701876755548
Linear Regression,PYPL,Advanced,5,4.040676926114436,3.6370072957577024
Linear Regression,RL,Basic,1,6.5346961778569055,9.135055815576766
Linear Regression,RL,Basic,3,11.167678902819308,15.916237879286118
Linear Regression,RL,Basic,5,14.252772163726778,20.83560486029886
Linear Regression,RL,Advanced,1,6.823354056842588,8.785981591354032
Linear Regression,RL,Advanced,3,11.808662158754792,14.679447967551999
Linear Regression,RL,Advanced,5,14.885525933408708,18.79637610202822
Linear Regression,SBUX,Basic,1,1.8634483476298223,1.754114879458178
Linear Regression,SBUX,Basic,3,3.183999635424414,2.9881786273301474
Linear Regression,SBUX,Basic,5,4.013139371609597,4.000184325120764
Linear Regression,SBUX,Advanced,1,1.8840444217765997,1.8236400564842834
Linear Regression,SBUX,Advanced,3,3.2122860553797894,3.237554179588274
Linear Regression,SBUX,Advanced,5,4.007795820588986,4.435780383003177
Linear Regression,STLD,Basic,1,2.998540526508211,5.284078067519857
Linear Regression,STLD,Basic,3,4.810254407866226,9.987121599685855
Linear Regression,STLD,Basic,5,5.716304588600855,13.465318528859092
Linear Regression,STLD,Advanced,1,3.132123680927957,5.393546372662531
Linear Regression,STLD,Advanced,3,4.850261198051369,10.026706079779393
Linear Regression,STLD,Advanced,5,5.744064002364193,13.493559655086
Linear Regression,SW,Basic,1,1.0444303192420035,1.2126910362839585
Linear Regression,SW,Basic,3,1.7619714247663654,2.0935298564010076
Linear Regression,SW,Basic,5,2.2820256774124257,2.645292363643665
Linear Regression,SW,Advanced,1,14.363662520432865,2.1147169559883645
Linear Regression,SW,Advanced,3,34.26198990169741,5.7258875962782625
Linear Regression,SW,Advanced,5,27.22811301557021,7.12817163756453
Linear Regression,T,Basic,1,0.4260387872731856,0.43346340165230585
Linear Regression,T,Basic,3,0.9223823275573428,0.8633592295760104
Linear Regression,T,Basic,5,1.3973086690762548,1.1257722276452302
Linear Regression,T,Advanced,1,0.44762643229013804,0.42755393931007313
Linear Regression,T,Advanced,3,0.9854291680423318,0.8474334531051958
Linear Regression,T,Advanced,5,1.5375907617400528,1.1134936642734252
Linear Regression,TGT,Basic,1,2.087948119035788,2.4588057376611308
Linear Regression,TGT,Basic,3,3.2159161850395104,4.231599245634219
Linear Regression,TGT,Basic,5,4.1975388428272815,5.31758396302549
Linear Regression,TGT,Advanced,1,2.096768028237002,2.446054309222806
Linear Regression,TGT,Advanced,3,3.2655283595544367,4.208876296963658
Linear Regression,TGT,Advanced,5,4.181265666245117,5.297386275941019
Linear Regression,TPR,Basic,1,2.5467223109327954,3.8514264544379655
Linear Regression,TPR,Basic,3,4.152374407929149,7.002173230071384
Linear Regression,TPR,Basic,5,5.583828696662034,9.84014674774052
Linear Regression,TPR,Advanced,1,2.5506392228108075,3.944779248848959
Linear Regression,TPR,Advanced,3,4.13144325278392,7.093632857856787
Linear Regression,TPR,Advanced,5,5.663625896239316,9.818537116273436
Linear Regression,TSLA,Basic,1,12.863017157584554,11.105021305297525
Linear Regression,TSLA,Basic,3,21.011227940197724,17.912987099440333
Linear Regression,TSLA,Basic,5,26.41884678783477,21.1916391496994
Linear Regression,TSLA,Advanced,1,12.990189800602927,11.408289625580432
Linear Regression,TSLA,Advanced,3,21.25609969707806,19.17425475307988
Linear Regression,TSLA,Advanced,5,27.13177094142251,23.948389330422014
Linear Regression,TTWO,Basic,1,4.32588952047426,4.968451717354213
Linear Regression,TTWO,Basic,3,7.23485273920705,9.605751192598934
Linear Regression,TTWO,Basic,5,9.366444518356904,12.706964288931918
Linear Regression,TTWO,Advanced,1,4.389081398221162,5.119141013843586
Linear Regression,TTWO,Advanced,3,7.578067683532274,9.806673826821402
Linear Regression,TTWO,Advanced,5,9.948515889863906,12.942243463167555
Linear Regression,V,Basic,1,4.798442362905954,5.02196326793739
Linear Regression,V,Basic,3,8.14841509099563,8.245307199686941
Linear Regression,V,Basic,5,10.44051013010672,10.400208077587354
Linear Regression,V,Advanced,1,4.859006816611361,5.0582442162583625
Linear Regression,V,Advanced,3,8.476706914122325,8.423621760539683
Linear Regression,V,Advanced,5,10.798253806937309,10.62182116634441
Linear Regression,VMC,Basic,1,3.8821562105092746,5.933284826847045
Linear Regression,VMC,Basic,3,6.3231237218018785,9.966868632719804
Linear Regression,VMC,Basic,5,7.613407633118021,12.836681594304904
Linear Regression,VMC,Advanced,1,3.9402653258522733,5.823814083193015
Linear Regression,VMC,Advanced,3,6.444846793620442,9.834235744157917
Linear Regression,VMC,Advanced,5,7.987025894635496,12.877246870384141
Linear Regression,VST,Basic,1,8.042885903096273,5.245372788244471
Linear Regression,VST,Basic,3,16.8874384613854,9.019089286735579
Linear Regression,VST,Basic,5,25.171438010551828,11.622537689749942
Linear Regression,VST,Advanced,1,8.872840398530792,5.381449331018607
Linear Regression,VST,Advanced,3,17.894828661305652,9.255977936762699
Linear Regression,VST,Advanced,5,27.26012548061247,11.67326605065443
Linear Regression,VTR,Basic,1,1.1285491857486094,1.1770285370000357
Linear Regression,VTR,Basic,3,2.508538785232888,2.3491582851974573
Linear Regression,VTR,Basic,5,3.68955952164819,3.216896792755944
Linear Regression,VTR,Advanced,1,1.0857921134585091,1.3038049768010027
Linear Regression,VTR,Advanced,3,2.3250182662030214,2.8592056879432923
Linear Regression,VTR,Advanced,5,3.4623092143008405,4.009139026616831
Linear Regression,WBD,Basic,1,0.5174713118613643,0.2821554164346729
Linear Regression,WBD,Basic,3,1.022996887242165,0.4688245618122186
Linear Regression,WBD,Basic,5,1.315808750762187,0.6098116238843876
Linear Regression,WBD,Advanced,1,0.5338923703691352,0.3331390545226823
Linear Regression,WBD,Advanced,3,1.1072221329330523,0.6902799009376432
Linear Regression,WBD,Advanced,5,1.501228737025606,0.877850866312743
Linear Regression,WDAY,Basic,1,5.271192697116245,5.015794620082382
Linear Regression,WDAY,Basic,3,8.722690241055968,9.298348646364461
Linear Regression,WDAY,Basic,5,10.492938348650922,12.61494101321398
Linear Regression,WDAY,Advanced,1,5.421573627144041,5.081955275120944
Linear Regression,WDAY,Advanced,3,9.12848587158127,9.152936050269734
Linear Regression,WDAY,Advanced,5,11.021695472267448,12.06267463649124
Linear Regression,WDC,Basic,1,3.9735657983461947,25.754179085014176
Linear Regression,WDC,Basic,3,9.060683010746638,50.124616008743665
Linear Regression,WDC,Basic,5,12.16560472299474,72.02556740137948
Linear Regression,WDC,Advanced,1,3.9547863662670335,31.87303196542554
Linear Regression,WDC,Advanced,3,7.878352394245594,71.59825078371924
Linear Regression,WDC,Advanced,5,10.51341968746417,108.09162013399003
Linear Regression,WEC,Basic,1,1.0916847430438663,1.1759857978587138
Linear Regression,WEC,Basic,3,1.8966732712592755,1.913920660866682
Linear Regression,WEC,Basic,5,2.305706746441544,2.34392061621849
Linear Regression,WEC,Advanced,1,1.1168314213232573,1.1686416008917482
Linear Regression,WEC,Advanced,3,2.003263639842756,1.8934925436611267
Linear Regression,WEC,Advanced,5,2.372443184041816,2.310381435625747
Linear Regression,WELL,Basic,1,2.2141119755072394,3.1944020914218254
Linear Regression,WELL,Basic,3,4.31075330498249,5.734257646304572
Linear Regression,WELL,Basic,5,5.718131704016743,7.264008769137622
Linear Regression,WELL,Advanced,1,2.4183058555594323,3.3896472020259343
Linear Regression,WELL,Advanced,3,4.493178520234772,6.620290439697757
Linear Regression,WELL,Advanced,5,5.736608172566298,8.88761724937712
Linear Regression,WFC,Basic,1,1.4281868549046564,1.5242645997997368
Linear Regression,WFC,Basic,3,2.7867789578884166,2.7137843629416616
Linear Regression,WFC,Basic,5,3.799202486889833,3.524541952292287
Linear Regression,WFC,Advanced,1,1.498191308518796,1.5329283535946105
Linear Regression,WFC,Advanced,3,3.0868408663365896,2.673464765909693
Linear Regression,WFC,Advanced,5,4.291090216479744,3.479698965225769
Linear Regression,WMB,Basic,1,1.0218709760683353,1.0504257363558995
Linear Regression,WMB,Basic,3,1.923965721243868,1.9275965407329914
Linear Regression,WMB,Basic,5,2.6675121265885693,2.6282410356514094
Linear Regression,WMB,Advanced,1,1.0705757286071456,1.0733595216571536
Linear Regression,WMB,Advanced,3,2.0040413342615504,1.9861192627534248
Linear Regression,WMB,Advanced,5,2.636476824708198,2.7926808830136425
Linear Regression,WMT,Basic,1,1.525404327503494,2.130095254237013
Linear Regression,WMT,Basic,3,2.7883810543006033,3.9440100568793697
Linear Regression,WMT,Basic,5,3.6746373965197163,5.105801876886329
Linear Regression,WMT,Advanced,1,1.54495648653421,2.205846377785544
Linear Regression,WMT,Advanced,3,2.789113458353674,4.139875889072707
Linear Regression,WMT,Advanced,5,3.6734840333228127,5.497479737662634
Linear Regression,WY,Basic,1,0.4334288531650963,0.4257466176456589
Linear Regression,WY,Basic,3,0.6907675747561252,0.7502407384070306
Linear Regression,WY,Basic,5,0.8579961341726364,0.9341337910104669
Linear Regression,WY,Advanced,1,0.4418483890190897,0.4472139937979083
Linear Regression,WY,Advanced,3,0.7082811230803469,0.8011702054909746
Linear Regression,WY,Advanced,5,0.86142633372334,1.050961606385819
Linear Regression,XEL,Basic,1,0.8929922715070325,1.0288489362782274
Linear Regression,XEL,Basic,3,1.568966631353076,1.6675501652582574
Linear Regression,XEL,Basic,5,1.9788642831694456,1.9651688247692094
Linear Regression,XEL,Advanced,1,0.9126533125760382,1.0430494301200415
Linear Regression,XEL,Advanced,3,1.6516843756679318,1.732842782329733
Linear Regression,XEL,Advanced,5,2.0872234764683113,2.0695235060312633
Linear Regression,XYL,Basic,1,1.8838620319676176,2.1837815958620244
Linear Regression,XYL,Basic,3,3.367462671792743,3.500576286603102
Linear Regression,XYL,Basic,5,4.330181491452649,4.302554099261605
Linear Regression,XYL,Advanced,1,1.9657004176189725,2.261311174110698
Linear Regression,XYL,Advanced,3,3.565100399591375,3.662863141024617
Linear Regression,XYL,Advanced,5,4.57909793600789,4.669692115540626
