ML_Model,FeatureSet,Horizon_Days,Symbol,Baseline_RMSE,News_RMSE,News_Answers_RMSE
Elastic Net,Advanced,1,AAPL,6.039629281935055,6.1268933505233,5.952634000545901
Elastic Net,Advanced,1,ABNB,6.481692918967436,6.5243844535951325,6.47950991542227
Elastic Net,Advanced,1,ACN,5.022386064636313,5.032556918639732,5.1323607062748735
Elastic Net,Advanced,1,ADBE,8.32104706969182,8.167844268555434,8.176874229351212
Elastic Net,Advanced,1,AEP,1.462208672858376,1.4567786987274043,1.4263939903253149
Elastic Net,Advanced,1,AES,0.023031402705908647,0.024022096397293954,0.03038401248753004
Elastic Net,Advanced,1,AFL,1.5157371148177332,1.5384108380379395,1.544093107604464
Elastic Net,Advanced,1,AIG,1.0955123325870375,1.1440178741988516,1.1402316974864544
Elastic Net,Advanced,1,AMZN,8.110064217889661,8.173943247680356,8.178493786252988
Elastic Net,Advanced,1,AOS,1.2232837262880614,1.2446410849137985,1.2510926969683696
Elastic Net,Advanced,1,APA,1.0914953332007744,1.098865631487984,1.0873870783083068
Elastic Net,Advanced,1,APD,3.3238033253562413,3.52516364789408,3.8027649382801285
Elastic Net,Advanced,1,APO,2.9828249426697724,3.0315033423250934,3.0691260837537184
Elastic Net,Advanced,1,AXP,4.7598254939600935,4.452314867584847,4.39406612565079
Elastic Net,Advanced,1,BA,4.956502544847826,4.987731916254156,5.0437476176010385
Elastic Net,Advanced,1,BKNG,5.087312632782282,5.093501690058409,5.197442421694735
Elastic Net,Advanced,1,BKR,1.0676264323935731,1.103261279257822,1.1303198594733943
Elastic Net,Advanced,1,BR,3.8627424740954033,3.8104162391405336,3.7958085503750074
Elastic Net,Advanced,1,CARR,1.4708511682988357,1.4839374597383757,1.4882002346057217
Elastic Net,Advanced,1,CASY,25.2585424315887,26.8431382790904,27.805642652093926
Elastic Net,Advanced,1,CAT,21.64302663815903,21.35454832610473,21.166735463342324
Elastic Net,Advanced,1,CBRE,3.003999010707205,3.1033551003094653,3.149394551817283
Elastic Net,Advanced,1,CEG,6.261781425109134,6.156138780478317,6.371401686512771
Elastic Net,Advanced,1,CHRW,7.239430662978614,7.119105466232412,7.128351696734748
Elastic Net,Advanced,1,CI,5.272847945941033,5.210608530258312,5.292166350485967
Elastic Net,Advanced,1,CL,1.205123006658605,1.2419105778102808,1.2808112921612897
Elastic Net,Advanced,1,COO,1.1395483358366976,1.1448373469958308,1.1530644381845367
Elastic Net,Advanced,1,COP,2.1474797084924457,2.212511782572231,2.2329198459110975
Elastic Net,Advanced,1,COST,11.10524244465761,11.09490596693687,11.622363227386087
Elastic Net,Advanced,1,CSCO,2.565345991978486,2.612617671241979,2.625469372586753
Elastic Net,Advanced,1,CSGP,1.0226020355824528,1.0392921945165365,1.0383973797745993
Elastic Net,Advanced,1,CTAS,3.740446928232589,3.821275360830981,3.8893244707868977
Elastic Net,Advanced,1,CTSH,1.6510649698744684,1.6762696778381632,1.7076262881891517
Elastic Net,Advanced,1,CTVA,2.354305094618879,2.450885644931809,2.473246372604891
Elastic Net,Advanced,1,CVS,1.822118686152771,1.824688095346068,1.81641695870869
Elastic Net,Advanced,1,CVX,3.0031831212981586,3.05580551938583,3.0015176286447516
Elastic Net,Advanced,1,D,1.190113714053139,1.3152790875720153,1.3831618521395412
Elastic Net,Advanced,1,DASH,6.726795391302453,6.846614606929046,7.343408220004457
Elastic Net,Advanced,1,DG,2.6628773605055636,2.610365964165377,2.5960097984584216
Elastic Net,Advanced,1,DHR,5.583969710487668,5.508443258260627,5.580979437466576
Elastic Net,Advanced,1,DIS,1.9038172056306895,1.8689118454381473,1.8460504369460142
Elastic Net,Advanced,1,DVA,7.744673486640995,7.643515138690979,7.5657531534325075
Elastic Net,Advanced,1,DVN,0.9681313426702062,0.9627881836640193,0.979507300564482
Elastic Net,Advanced,1,DXCM,2.4945731484676608,2.4995553763597904,2.5108929847512407
Elastic Net,Advanced,1,EA,0.41844508816047027,0.7009118816839189,1.0691491118850298
Elastic Net,Advanced,1,ED,1.2006704612058434,1.2781647925088178,1.3746485378783686
Elastic Net,Advanced,1,EOG,3.1714131271184374,3.2021541662450037,3.227043027125199
Elastic Net,Advanced,1,EW,1.0706893408437435,1.136645686847177,1.1631747196539077
Elastic Net,Advanced,1,EXE,1.9771515551352858,1.9830738627900597,1.9893143398875173
Elastic Net,Advanced,1,FANG,4.3380796768409,4.335941422722381,4.300140910189721
Elastic Net,Advanced,1,GEHC,1.8907766352648467,1.9073998493556112,1.9067221728947714
Elastic Net,Advanced,1,GILD,3.903575906390372,3.973098546232687,4.026769790390433
Elastic Net,Advanced,1,GIS,0.7997010236847457,0.7961934873327389,0.7872055483604204
Elastic Net,Advanced,1,GOOGL,8.979478064655277,8.94030963995127,8.945454166103666
Elastic Net,Advanced,1,GS,22.60940245135976,22.313641249048448,22.305203650834475
Elastic Net,Advanced,1,HPE,1.6402432984114435,1.6669188027998314,1.7061761595003682
Elastic Net,Advanced,1,IFF,1.9963190208614348,2.043530238021527,2.0226494692948807
Elastic Net,Advanced,1,IP,1.2062157320417546,1.1947865615494444,1.1884911056783483
Elastic Net,Advanced,1,IRM,2.4778502361193206,2.525996470749808,2.5452485020064475
Elastic Net,Advanced,1,JPM,3.7344275386275503,4.350706029555333,4.81502130631358
Elastic Net,Advanced,1,KIM,0.27400625665095574,0.2618392685833137,0.2632690331809415
Elastic Net,Advanced,1,KO,1.3184935428037392,1.3753562066365068,1.4299925090412335
Elastic Net,Advanced,1,LNT,0.8270899812084483,0.8494550688968473,0.8790162987466623
Elastic Net,Advanced,1,LYB,1.4196414919757465,1.4313004977494876,1.4168079594430643
Elastic Net,Advanced,1,MAA,1.631707631354164,1.5714124563071896,1.5764983267222754
Elastic Net,Advanced,1,META,15.49550613713978,15.198982840484991,14.950023334821655
Elastic Net,Advanced,1,MLM,10.866640471173337,10.81483019345413,10.7700264119842
Elastic Net,Advanced,1,MMM,4.165008400739832,4.545974115484109,4.711997040310196
Elastic Net,Advanced,1,MOS,0.5322164856934104,0.5523672427866817,0.5808828854303358
Elastic Net,Advanced,1,NFLX,1.683693038935042,1.680326209016508,1.681660747796037
Elastic Net,Advanced,1,NKE,0.8516875568378327,0.8433773661730015,0.8711124879600681
Elastic Net,Advanced,1,NOW,5.285292065502551,5.346007957597839,5.53180610564551
Elastic Net,Advanced,1,OMC,2.434874854908733,2.4328036329212215,2.4423738036690645
Elastic Net,Advanced,1,PEP,1.7709950701240962,1.8503984689567696,1.8796668078081487
Elastic Net,Advanced,1,PYPL,1.6372630685625762,1.6378238455512075,1.6544826053249218
Elastic Net,Advanced,1,RL,7.153804554647397,7.051670600140926,7.031927364027707
Elastic Net,Advanced,1,SBUX,1.4272500661469671,1.4145102007053245,1.3924192723609616
Elastic Net,Advanced,1,STLD,5.712785965761211,5.750366813385482,5.720019228766763
Elastic Net,Advanced,1,SW,1.6686754864174034,1.6658404304723007,1.6270706094013445
Elastic Net,Advanced,1,T,0.4211713416621985,0.4365632267030339,0.4295245213051693
Elastic Net,Advanced,1,TGT,2.994305768758192,3.0060532138652456,3.030544685928091
Elastic Net,Advanced,1,TPR,27.172956441257917,26.872380399657175,26.752062516673945
Elastic Net,Advanced,1,TSLA,124.58610644680023,124.62607383901569,123.96560861315405
Elastic Net,Advanced,1,TTWO,5.514885065620009,5.395030108285745,5.302604830242056
Elastic Net,Advanced,1,V,6.566031637611727,6.802882323302358,7.68517430223156
Elastic Net,Advanced,1,VMC,5.463460035295259,5.530709664037714,5.552084765631884
Elastic Net,Advanced,1,VST,4.532690044634247,4.587325550128252,4.732946064579463
Elastic Net,Advanced,1,VTR,7.298638362461619,7.082696962029874,7.0541015888606
Elastic Net,Advanced,1,WBD,0.3469736729892365,0.36050842760580865,0.3637075352493189
Elastic Net,Advanced,1,WDAY,9.45625162413057,9.481297560034207,9.573195389655416
Elastic Net,Advanced,1,WDC,29.8232596676256,29.667501835995303,29.552844101893168
Elastic Net,Advanced,1,WEC,1.227257657463798,1.2877186205101006,1.2928853407395582
Elastic Net,Advanced,1,WELL,3.3971571674760197,3.3920511441270986,3.382978054891481
Elastic Net,Advanced,1,WFC,1.0594233192676967,1.0905676801915898,1.1492111685148154
Elastic Net,Advanced,1,WMB,1.3347747919189759,1.3503001142955764,1.3727540711144737
Elastic Net,Advanced,1,WMT,1.4733016627289584,1.5099554531388908,1.527844802033467
Elastic Net,Advanced,1,WY,1.9089140302413226,1.9529689230092713,1.9356337207122762
Elastic Net,Advanced,1,XEL,0.8372549577483048,0.9849721203833279,1.046127539278766
Elastic Net,Advanced,1,XYL,2.2647296135639,2.2484184960399523,2.2217619518059757
Elastic Net,Advanced,3,AAPL,29.313806730395672,29.201875693819904,29.74392458596411
Elastic Net,Advanced,3,ABNB,33.75173930897041,34.40113943568686,34.355550366338996
Elastic Net,Advanced,3,ACN,12.069979323734938,12.339695697929407,12.57356762667602
Elastic Net,Advanced,3,ADBE,15.242891173986683,14.975080836237494,14.732324912463355
Elastic Net,Advanced,3,AEP,29.164128659224847,29.16498003512047,29.327168425342222
Elastic Net,Advanced,3,AES,2.16649125500158,2.1692918690472918,2.184902664527126
Elastic Net,Advanced,3,AFL,5.781761755036939,5.401786671277889,5.344849484011086
Elastic Net,Advanced,3,AIG,2.240788344641672,2.2685972404774826,2.302604963015093
Elastic Net,Advanced,3,AMZN,15.722716793960489,15.834959732699009,15.805749145531987
Elastic Net,Advanced,3,AOS,2.0813099611733517,2.1367254659946195,2.1251868895642163
Elastic Net,Advanced,3,APA,4.227595902266081,4.166009193329522,4.173573100022374
Elastic Net,Advanced,3,APD,6.716511729348736,8.773079047002698,9.151949849655301
Elastic Net,Advanced,3,APO,6.346856581640132,6.8324667468003915,6.958627074930785
Elastic Net,Advanced,3,AXP,8.736394610343394,9.339398492847995,9.909686343822305
Elastic Net,Advanced,3,BA,90.44956775552978,89.71552321946142,89.44847241103949
Elastic Net,Advanced,3,BKNG,9.644642430038099,9.62095891871485,9.792848434353314
Elastic Net,Advanced,3,BKR,2.4787691066811695,2.8792836149338994,2.9541731898489965
Elastic Net,Advanced,3,BR,17.198248805800777,17.40526699958819,17.563196565444976
Elastic Net,Advanced,3,CARR,2.97313750333159,3.0204747243358887,3.141099915481256
Elastic Net,Advanced,3,CASY,35.14872924216304,33.521687561032124,33.119566238934794
Elastic Net,Advanced,3,CAT,178.58739026792904,175.82541625551931,173.19414669441423
Elastic Net,Advanced,3,CBRE,24.164372252994834,23.668483042978536,23.518891389370108
Elastic Net,Advanced,3,CEG,687.148482796723,687.3361122759056,687.6756010458269
Elastic Net,Advanced,3,CHRW,13.71992581058815,13.728025316126292,13.94029701502163
Elastic Net,Advanced,3,CI,7.432847159285602,7.6159566162404495,7.627996699826796
Elastic Net,Advanced,3,CL,9.0280782999343,9.092241780183148,9.226981181952366
Elastic Net,Advanced,3,COO,2.4091384908932727,2.4817152426266977,2.482611537637214
Elastic Net,Advanced,3,COP,6.352326815367215,6.799419412956118,6.835755765642349
Elastic Net,Advanced,3,COST,48.72757100479234,50.05607429947544,51.53687160269371
Elastic Net,Advanced,3,CSCO,6.783747732991334,7.239611192961194,7.358481255146958
Elastic Net,Advanced,3,CSGP,2.5468633105996554,2.618754027764442,2.629377534760832
Elastic Net,Advanced,3,CTAS,7.646722822302019,7.840605912045574,8.130614560537419
Elastic Net,Advanced,3,CTSH,2.8361548099654583,2.873303638425023,2.879726236228325
Elastic Net,Advanced,3,CTVA,10.302286020207864,10.519623338824466,10.595995514515554
Elastic Net,Advanced,3,CVS,3.261591099759621,3.081984369566927,3.042133344108257
Elastic Net,Advanced,3,CVX,6.175159696262853,6.481008185241706,6.475092016390101
Elastic Net,Advanced,3,D,15.24552848657945,15.51520408649752,15.579096071273032
Elastic Net,Advanced,3,DASH,21.07246341360865,20.466684683899025,20.0986845925474
Elastic Net,Advanced,3,DG,4.815449380607158,4.787856488792344,4.7935623502436435
Elastic Net,Advanced,3,DHR,89.66834922726045,90.33444982698772,89.73031203230744
Elastic Net,Advanced,3,DIS,3.069742940270773,3.263840880230679,3.2712078914516316
Elastic Net,Advanced,3,DVA,16.244617776820064,15.284963161758785,15.082186379580136
Elastic Net,Advanced,3,DVN,13.882468126665458,14.037454272132818,14.118108113007308
Elastic Net,Advanced,3,DXCM,45.803615970284056,46.53319779312697,46.5696553002962
Elastic Net,Advanced,3,EA,10.224761825426079,9.802704232275877,9.505076154315349
Elastic Net,Advanced,3,ED,9.664442323352567,9.592363459705208,9.795697067531682
Elastic Net,Advanced,3,EOG,6.156733350010438,6.143810980248747,6.127267949348156
Elastic Net,Advanced,3,EW,1.9549675802157673,2.289218068618117,2.3305611252376126
Elastic Net,Advanced,3,EXE,5.990795539532171,5.9502409169054,5.968085260149738
Elastic Net,Advanced,3,FANG,179.61730327766992,179.84426312425265,179.88356862168524
Elastic Net,Advanced,3,GEHC,4.232432372380259,4.480257978604534,4.467972180735953
Elastic Net,Advanced,3,GILD,8.674272725023794,9.38407528133283,9.440996846977196
Elastic Net,Advanced,3,GIS,1.276029072312339,1.2286533189662197,1.1503044522416288
Elastic Net,Advanced,3,GOOGL,16.408548025968592,16.30172239547572,16.339504644094802
Elastic Net,Advanced,3,GS,38.730260462405525,37.35368540862498,35.86720194262951
Elastic Net,Advanced,3,HPE,4.20728818098735,4.136042239044448,4.039544311849384
Elastic Net,Advanced,3,IFF,2.9152064426601196,3.0068542010856043,2.9569631103463343
Elastic Net,Advanced,3,IP,2.694392559382813,2.786556541351029,2.7545796971025314
Elastic Net,Advanced,3,IRM,6.297922357408365,6.537932614180349,6.687627410625179
Elastic Net,Advanced,3,JPM,8.378596445620673,9.556458468855261,10.189590638621802
Elastic Net,Advanced,3,KIM,7.070510373082959,6.929815176419981,6.916159525695045
Elastic Net,Advanced,3,KO,6.923923637686308,7.29046998242025,7.500042503082958
Elastic Net,Advanced,3,LNT,10.613465553572409,10.564801601798179,10.55927804173965
Elastic Net,Advanced,3,LYB,43.488874268560274,43.318185026614834,43.41072254949804
Elastic Net,Advanced,3,MAA,2.2551638202607016,2.0606291079285,2.0413718332986805
Elastic Net,Advanced,3,META,29.101071144455922,28.636603911517472,28.376989823600503
Elastic Net,Advanced,3,MLM,119.55318629187406,120.22251311268415,119.96110192906455
Elastic Net,Advanced,3,MMM,19.593289205201017,20.279137238764427,20.438375911545116
Elastic Net,Advanced,3,MOS,1.3232722570101048,1.3880146888261355,1.4322655244867535
Elastic Net,Advanced,3,NFLX,9.386351635558643,9.37751842302128,9.37330245300947
Elastic Net,Advanced,3,NKE,1.1102521454753402,1.2131480211187384,1.2729888391430764
Elastic Net,Advanced,3,NOW,72.9845146714908,72.9141134906397,72.61568848192873
Elastic Net,Advanced,3,OMC,13.277800540191791,13.344267219611847,13.356448837391916
Elastic Net,Advanced,3,PEP,11.496944027081856,11.701119012979722,11.64361567460839
Elastic Net,Advanced,3,PYPL,3.1358952956579538,3.121718919997392,3.114941736188435
Elastic Net,Advanced,3,RL,10.572748839896372,10.056506884659894,10.299063565524554
Elastic Net,Advanced,3,SBUX,4.1803244512785644,4.246617491227482,4.07334627212506
Elastic Net,Advanced,3,STLD,12.146763554751194,11.89181926227391,11.874123229344342
Elastic Net,Advanced,3,SW,11.942568712370228,12.060660782582445,12.024553518020253
Elastic Net,Advanced,3,T,4.95057053239921,5.01180975566618,5.006966585056594
Elastic Net,Advanced,3,TGT,4.376594486060333,4.490788905852948,4.499120326887035
Elastic Net,Advanced,3,TPR,216.21645192802637,215.47719054682335,215.36101575976124
Elastic Net,Advanced,3,TSLA,174.1912607498183,174.23656389315335,173.690154577132
Elastic Net,Advanced,3,TTWO,15.628000563945639,15.708443098071097,15.72515945934026
Elastic Net,Advanced,3,V,9.43828785169843,10.42771588615388,11.391022072833973
Elastic Net,Advanced,3,VMC,13.531394330336115,12.868374643065447,12.80339275859357
Elastic Net,Advanced,3,VST,11.547576044893793,11.654847069100464,11.783239166340767
Elastic Net,Advanced,3,VTR,27.21726417180802,26.401272212928973,26.360177101655918
Elastic Net,Advanced,3,WBD,0.7802655669558567,0.77014342611037,0.7336170403543877
Elastic Net,Advanced,3,WDAY,100.8939220523186,100.78017375192262,100.57749477504682
Elastic Net,Advanced,3,WDC,260.0028853521904,258.2470891541749,257.33230382681995
Elastic Net,Advanced,3,WEC,15.958780847234879,16.150905176656043,16.30883705172383
Elastic Net,Advanced,3,WELL,213.4693480062576,212.54695302958126,212.57036116665097
Elastic Net,Advanced,3,WFC,2.03051982368297,2.001254410776831,2.158096073996798
Elastic Net,Advanced,3,WMB,4.321492039929382,4.6688451500771455,4.7943376340518915
Elastic Net,Advanced,3,WMT,15.570027102420552,15.539333000057201,15.49948473197522
Elastic Net,Advanced,3,WY,5.2597696927088915,5.314287801787034,5.2944859059479485
Elastic Net,Advanced,3,XEL,1.530739018869837,1.7417635323936995,1.7937758152062337
Elastic Net,Advanced,3,XYL,4.096389280158187,4.1246527590568824,4.095189469795699
Elastic Net,Advanced,5,AAPL,39.953783460767376,39.727021500778676,40.199064566289664
Elastic Net,Advanced,5,ABNB,184.1290423458132,184.80417305312963,184.77028324588616
Elastic Net,Advanced,5,ACN,14.835559563655252,14.989233349343934,15.191063154103281
Elastic Net,Advanced,5,ADBE,103.50686928535954,103.55501618186968,102.98926505814792
Elastic Net,Advanced,5,AEP,57.68560554183666,57.54889164817081,57.69658767454676
Elastic Net,Advanced,5,AES,11.731052894683948,11.733450164187595,11.749138407550339
Elastic Net,Advanced,5,AFL,28.659586670241836,28.615748531442307,28.54188383651468
Elastic Net,Advanced,5,AIG,8.648570197873825,8.59000117937691,8.628550562639315
Elastic Net,Advanced,5,AMZN,24.793037876301376,24.704881322970774,24.736618060195827
Elastic Net,Advanced,5,AOS,2.45160061077103,2.547355426505936,2.525831381777576
Elastic Net,Advanced,5,APA,64.57556060984378,64.69671417490797,64.68254666476622
Elastic Net,Advanced,5,APD,16.51566965135793,18.21673505906123,18.585390062767758
Elastic Net,Advanced,5,APO,13.553140587058925,13.904939298567594,14.022249783947704
Elastic Net,Advanced,5,AXP,10.259003531275482,10.717185847604211,11.27429550156508
Elastic Net,Advanced,5,BA,251.13318349187642,250.48243093038292,250.25358987079875
Elastic Net,Advanced,5,BKNG,37.13006750767818,38.10316796696697,38.417691011319505
Elastic Net,Advanced,5,BKR,55.879744189317975,56.2314576744253,56.29804098236633
Elastic Net,Advanced,5,BR,29.78754412388945,30.409514206760786,30.54542545281511
Elastic Net,Advanced,5,CARR,14.90478401883375,14.886220029079398,15.05320118395201
Elastic Net,Advanced,5,CASY,123.25138188382694,122.09593585853649,121.27964005398093
Elastic Net,Advanced,5,CAT,555.3038665907939,553.3619166368555,550.8460355339054
Elastic Net,Advanced,5,CBRE,23.999242682109312,23.748396617057754,23.598968989112855
Elastic Net,Advanced,5,CEG,935.4515976248198,935.5422416018004,935.8309168607786
Elastic Net,Advanced,5,CHRW,22.679872754137797,22.68540921056648,22.936375475866335
Elastic Net,Advanced,5,CI,9.631525617806394,9.657908366002047,9.512434074250242
Elastic Net,Advanced,5,CL,2.7821279321120995,2.7792705564076274,2.8594397900724604
Elastic Net,Advanced,5,COO,13.300360810780727,13.62487005815166,13.615341454780257
Elastic Net,Advanced,5,COP,4.9886596014315785,5.250066065189467,5.271053052913854
Elastic Net,Advanced,5,COST,139.6905910331959,140.32622014203704,141.7256716867692
Elastic Net,Advanced,5,CSCO,6.371477958600839,6.373303059899802,6.452021965862215
Elastic Net,Advanced,5,CSGP,4.7895918073292005,4.863808568542636,4.8766577087289695
Elastic Net,Advanced,5,CTAS,19.212275892960978,19.372234402053632,19.681158437926467
Elastic Net,Advanced,5,CTSH,17.32886124492691,17.13987180891631,17.07043020862215
Elastic Net,Advanced,5,CTVA,25.685343764816807,25.726855151420946,25.786758996102574
Elastic Net,Advanced,5,CVS,4.139687343995093,4.260200859238055,4.346090630942069
Elastic Net,Advanced,5,CVX,8.676426042712412,8.540813668216193,8.67623672425948
Elastic Net,Advanced,5,D,15.516793802036846,15.675293924598984,15.729456397569887
Elastic Net,Advanced,5,DASH,54.494933916734816,55.08501343762835,55.68527410752334
Elastic Net,Advanced,5,DG,6.239390076497007,6.223647288120254,6.192470331630543
Elastic Net,Advanced,5,DHR,206.69503660862011,207.33999085527245,206.73727865052743
Elastic Net,Advanced,5,DIS,3.7494829931905254,3.9793784924569753,4.003503143380859
Elastic Net,Advanced,5,DVA,23.453851449152957,23.407667818249454,23.093925517991735
Elastic Net,Advanced,5,DVN,21.591041606149535,21.728073896997852,21.807807706836975
Elastic Net,Advanced,5,DXCM,33.54554084739509,34.130961571489856,34.16490501919099
Elastic Net,Advanced,5,EA,236.3414908316959,236.42359259630462,236.2656787041591
Elastic Net,Advanced,5,ED,10.337808176342323,10.166033441237117,10.360554308091332
Elastic Net,Advanced,5,EOG,7.428694169445319,7.786917434179204,7.855185679571365
Elastic Net,Advanced,5,EW,14.976070280849205,15.372038505708426,15.398759603374387
Elastic Net,Advanced,5,EXE,12.390102557474476,12.189796788347293,12.196160867248315
Elastic Net,Advanced,5,FANG,409.76071869428876,409.9944430830772,410.0154688105378
Elastic Net,Advanced,5,GEHC,5.726916379047317,5.925041047615766,5.911022480201915
Elastic Net,Advanced,5,GILD,13.24459341228164,13.924808068001783,13.97821628881033
Elastic Net,Advanced,5,GIS,2.0767343017908066,2.008755851031972,1.8902582266991967
Elastic Net,Advanced,5,GOOGL,29.630898465369757,30.096120115998907,30.478717085031356
Elastic Net,Advanced,5,GS,34.612927221018076,34.50818223921422,34.42132801906039
Elastic Net,Advanced,5,HPE,6.234693991907902,6.093801439610344,5.985795211488412
Elastic Net,Advanced,5,IFF,6.649151170118501,6.651884417616637,6.5480002788477645
Elastic Net,Advanced,5,IP,4.977964602082783,4.996476207701484,4.951514741793284
Elastic Net,Advanced,5,IRM,14.56516900277847,14.954468243856788,15.079289294264603
Elastic Net,Advanced,5,JPM,54.071416945123225,54.48713402790614,55.23562947955556
Elastic Net,Advanced,5,KIM,3.226514784810438,3.3521109240346187,3.3667242264875696
Elastic Net,Advanced,5,KO,3.491928811681386,3.6264476632915428,3.7087363764665486
Elastic Net,Advanced,5,LNT,26.401901956703867,26.37248472842319,26.369200727650174
Elastic Net,Advanced,5,LYB,39.52153022152943,39.406957306172714,39.49472324355236
Elastic Net,Advanced,5,MAA,13.85741916644385,13.822066331513435,13.930085184200795
Elastic Net,Advanced,5,META,67.07678845033081,66.5521609335161,67.28497983681845
Elastic Net,Advanced,5,MLM,272.71398268506533,272.0768651721047,271.802914139388
Elastic Net,Advanced,5,MMM,7.321877249389419,7.47632144430376,7.51357714258281
Elastic Net,Advanced,5,MOS,3.298836890997287,3.2946579979530135,3.3552575247923726
Elastic Net,Advanced,5,NFLX,58.96266738548917,58.934272619195674,58.927809015830974
Elastic Net,Advanced,5,NKE,2.2425913680151273,2.1261955337095975,2.0355756685957904
Elastic Net,Advanced,5,NOW,115.847994341849,115.79467467949617,115.49475399112697
Elastic Net,Advanced,5,OMC,3.3060976468957226,3.299547825124288,3.318056991652516
Elastic Net,Advanced,5,PEP,25.44094138961375,25.601925864637632,25.535747061456735
Elastic Net,Advanced,5,PYPL,4.087501888174961,4.063580469674845,4.0615128442558905
Elastic Net,Advanced,5,RL,14.503238284689798,13.897067723810096,14.172900915198015
Elastic Net,Advanced,5,SBUX,19.483914192644793,19.50758127339821,19.330153399172467
Elastic Net,Advanced,5,STLD,15.843896710592665,15.328824240507746,15.31451880783033
Elastic Net,Advanced,5,SW,5.736732510906341,5.588380470448296,5.616666351575154
Elastic Net,Advanced,5,T,11.19133811234968,11.235821315899814,11.231280826156862
Elastic Net,Advanced,5,TGT,11.342530590142996,11.653729344579446,11.657201580307227
Elastic Net,Advanced,5,TPR,210.5914998386071,210.44780925858458,210.33986074371464
Elastic Net,Advanced,5,TSLA,187.98290076902708,188.0160569062117,187.6229262746852
Elastic Net,Advanced,5,TTWO,27.803189279978163,27.966654346367118,27.996756134715174
Elastic Net,Advanced,5,V,98.69691481695362,98.17715104022356,97.34923390645106
Elastic Net,Advanced,5,VMC,52.18626075072269,51.357127126410255,51.19892567373577
Elastic Net,Advanced,5,VST,23.471238364805334,23.56164205195336,23.715179684799708
Elastic Net,Advanced,5,VTR,38.01810560060156,37.491932158347474,37.45343800946251
Elastic Net,Advanced,5,WBD,14.250754434762944,14.263595960817431,14.314177092133576
Elastic Net,Advanced,5,WDAY,191.50020092699887,191.42316665723456,191.21934103347888
Elastic Net,Advanced,5,WDC,457.45843984137406,456.0961624459206,455.24100345802225
Elastic Net,Advanced,5,WEC,12.716580062622198,12.769334555536025,12.721386551685287
Elastic Net,Advanced,5,WELL,143.08550201741474,142.6256378116845,142.6921529949626
Elastic Net,Advanced,5,WFC,2.44318268973448,2.3895097481194227,2.394784132584292
Elastic Net,Advanced,5,WMB,3.519755345797137,3.7541167035302787,3.8709830535220657
Elastic Net,Advanced,5,WMT,13.179292252128104,13.224355204151808,13.191775129541043
Elastic Net,Advanced,5,WY,3.1032533623100242,3.076329091935426,3.055820159599423
Elastic Net,Advanced,5,XEL,14.946390287433244,14.966023942612894,14.89395098554966
Elastic Net,Advanced,5,XYL,4.430431782404643,4.413752708243456,4.353255160234775
Elastic Net,Basic,1,AAPL,5.958019264561581,6.010285918121636,5.864124365680472
Elastic Net,Basic,1,ABNB,6.696299548775568,6.685308666028764,6.668617402634168
Elastic Net,Basic,1,ACN,4.953556618226053,4.946611366805933,4.978070501607084
Elastic Net,Basic,1,ADBE,8.176231219387528,8.041476767293979,8.009951104616857
Elastic Net,Basic,1,AEP,1.4566641197900025,1.4570695281017703,1.4505992541924955
Elastic Net,Basic,1,AES,0.021474861779723974,0.021736164731109522,0.023205367228590495
Elastic Net,Basic,1,AFL,1.7628907166072032,1.8092527744568616,1.8315658323959512
Elastic Net,Basic,1,AIG,0.9345189133899265,0.9539847767366476,0.9588225695581684
Elastic Net,Basic,1,AMZN,8.133786548648494,8.178933349947917,8.20750139441138
Elastic Net,Basic,1,AOS,1.2220958622385971,1.2384129162069697,1.238612484498492
Elastic Net,Basic,1,APA,1.0496903589507882,1.0513304815685283,1.0480998780270026
Elastic Net,Basic,1,APD,3.8106665314124863,3.937156272106455,4.045039432737496
Elastic Net,Basic,1,APO,3.233011450518825,3.2742359824352545,3.298663747109358
Elastic Net,Basic,1,AXP,4.903849763868023,4.808739679671225,4.974969346019255
Elastic Net,Basic,1,BA,4.915980931289175,4.952220802833964,4.988399254729324
Elastic Net,Basic,1,BKNG,5.493507786268026,5.521514666300935,5.581440271296839
Elastic Net,Basic,1,BKR,1.0560220175145285,1.0738666945944,1.0885935108035114
Elastic Net,Basic,1,BR,3.8170800322895064,3.7488396512135194,3.739395244410142
Elastic Net,Basic,1,CARR,1.5255052146197072,1.5332167937923227,1.5433516451879419
Elastic Net,Basic,1,CASY,24.578195842346037,25.52735508700878,25.831342306194028
Elastic Net,Basic,1,CAT,21.688487456543566,21.52244715941983,21.515138960135225
Elastic Net,Basic,1,CBRE,2.985739568368598,3.0681483960278144,3.093042998015727
Elastic Net,Basic,1,CEG,5.6460490526743445,5.538495679387535,5.572447995790369
Elastic Net,Basic,1,CHRW,6.978701534665747,6.898586876773177,6.902098466092185
Elastic Net,Basic,1,CI,6.714009717869778,6.54757083004094,6.620731969514393
Elastic Net,Basic,1,CL,1.2759655312664009,1.3116456493845072,1.3350109383493158
Elastic Net,Basic,1,COO,1.1472407914514666,1.1365319133607414,1.1356675009799615
Elastic Net,Basic,1,COP,2.09189291538948,2.129870095793735,2.13076393795621
Elastic Net,Basic,1,COST,11.09184826817543,11.1113246241833,11.171479838427118
Elastic Net,Basic,1,CSCO,2.58380312224222,2.6220353855558423,2.6350496842382247
Elastic Net,Basic,1,CSGP,1.0161598703629677,1.0247786618452241,1.0248700827996104
Elastic Net,Basic,1,CTAS,3.726808802597381,3.778654521869865,3.7738619680971546
Elastic Net,Basic,1,CTSH,1.6356608711668659,1.6420687065023067,1.6497247133395212
Elastic Net,Basic,1,CTVA,2.6294552401272564,2.7371125003802366,2.736261770174777
Elastic Net,Basic,1,CVS,1.8240886923276314,1.830387920965867,1.820494858693919
Elastic Net,Basic,1,CVX,3.078457668170454,3.115724017491546,3.087403309216583
Elastic Net,Basic,1,D,1.1622403011769973,1.2343842032190449,1.2530567834924224
Elastic Net,Basic,1,DASH,5.660262393247119,5.685934471468488,5.805705701728854
Elastic Net,Basic,1,DG,2.6719144156974606,2.628781460550213,2.6317997889199187
Elastic Net,Basic,1,DHR,5.637945859353111,5.6099785771258395,5.604491273660921
Elastic Net,Basic,1,DIS,1.8991310743385394,1.858166486957979,1.85143767302582
Elastic Net,Basic,1,DVA,7.72662436594583,7.69789593972189,7.662789169680628
Elastic Net,Basic,1,DVN,0.9707747313662304,0.9652295179071397,0.9644890946152727
Elastic Net,Basic,1,DXCM,2.467575704210668,2.4731285382580177,2.4769730736345297
Elastic Net,Basic,1,EA,0.600884561158564,0.8446242324818153,0.9979501057272522
Elastic Net,Basic,1,ED,1.2811871993102182,1.347137922106564,1.370441729599689
Elastic Net,Basic,1,EOG,3.1616437988817205,3.177241638060367,3.1840667969992085
Elastic Net,Basic,1,EW,1.7495496982978682,1.7988514021053936,1.816652560956843
Elastic Net,Basic,1,EXE,3.1164686998667754,3.146167317951672,3.165828803292027
Elastic Net,Basic,1,FANG,4.369432683262404,4.357452198780827,4.340678821714086
Elastic Net,Basic,1,GEHC,1.9986905539862114,2.013075652714034,2.0090248579923644
Elastic Net,Basic,1,GILD,2.5445083473920795,2.535661250877331,2.5399075221998015
Elastic Net,Basic,1,GIS,0.8000924412894328,0.7943727327434192,0.7941263172003225
Elastic Net,Basic,1,GOOGL,8.887768282030011,8.856280660170732,8.916293700676867
Elastic Net,Basic,1,GS,22.407361557470107,22.172749406542962,22.243756449694555
Elastic Net,Basic,1,HPE,1.6566052888083234,1.6676901713196737,1.6922449259545218
Elastic Net,Basic,1,IFF,2.168723150783722,2.214715089489464,2.207833287618799
Elastic Net,Basic,1,IP,1.2132202381396069,1.1975166451318042,1.1913911347407835
Elastic Net,Basic,1,IRM,2.4605925351010964,2.510723757946503,2.512424771953605
Elastic Net,Basic,1,JPM,4.011579665357305,4.523128800139376,4.73519097805551
Elastic Net,Basic,1,KIM,0.2698652943506677,0.2590821895007063,0.25814784807908775
Elastic Net,Basic,1,KO,1.3193508700003767,1.3559015646614885,1.3679134068821885
Elastic Net,Basic,1,LNT,1.0208498775825006,1.038185825087736,1.0432039330796476
Elastic Net,Basic,1,LYB,1.483770634502932,1.482230824543723,1.4641048635912237
Elastic Net,Basic,1,MAA,1.7132603681191036,1.7004813090890574,1.7117120671553079
Elastic Net,Basic,1,META,14.860792310248907,14.649037303109862,14.583310753343968
Elastic Net,Basic,1,MLM,11.140856076852826,10.790923351865699,10.792782098551934
Elastic Net,Basic,1,MMM,3.002191991811733,3.1562403517170154,3.2070168131735186
Elastic Net,Basic,1,MOS,0.5193976833205716,0.5276536348654142,0.5347899768821586
Elastic Net,Basic,1,NFLX,1.7245755890041792,1.7257655536947585,1.7246379050245269
Elastic Net,Basic,1,NKE,0.8493725755463927,0.8442495971435675,0.8420966319152796
Elastic Net,Basic,1,NOW,5.623466131314318,5.661723382205022,5.714799952324706
Elastic Net,Basic,1,OMC,2.4077828490594655,2.40298094393434,2.407309794811651
Elastic Net,Basic,1,PEP,2.229216457671992,2.297231154535961,2.3191653014324087
Elastic Net,Basic,1,PYPL,1.6058630438872195,1.6061870288697788,1.6072406688210252
Elastic Net,Basic,1,RL,7.111712789655579,7.188803115704225,7.316095602735208
Elastic Net,Basic,1,SBUX,1.60775729846601,1.60546235458717,1.5673467143144528
Elastic Net,Basic,1,STLD,5.684441578923424,5.754237830530211,5.734124998358156
Elastic Net,Basic,1,SW,2.087050854947095,2.0583918157766594,2.045612434113664
Elastic Net,Basic,1,T,0.42474373499429946,0.43425753623759106,0.4321893193863028
Elastic Net,Basic,1,TGT,2.988825347654491,2.9738511984254057,2.9841856406959537
Elastic Net,Basic,1,TPR,5.343626580803372,5.425232490245019,5.428405608050727
Elastic Net,Basic,1,TSLA,12.757509020114558,12.818855154789805,12.912947133478534
Elastic Net,Basic,1,TTWO,6.235551451041942,6.2042867758958655,6.183677171761692
Elastic Net,Basic,1,V,11.89441269951056,12.00070380043153,12.244505978442431
Elastic Net,Basic,1,VMC,5.4844727346021145,5.570574841335386,5.621343577677287
Elastic Net,Basic,1,VST,4.411137678965295,4.429492123707605,4.441623530772239
Elastic Net,Basic,1,VTR,1.8277435046219717,1.8247728080883394,1.8153875209943913
Elastic Net,Basic,1,WBD,0.344315040199948,0.35170413759406033,0.3509622811289746
Elastic Net,Basic,1,WDAY,8.909421128823427,8.929779509858422,8.966369803306112
Elastic Net,Basic,1,WDC,29.963788178760055,29.92372121605643,29.91479888402388
Elastic Net,Basic,1,WEC,1.480571797224654,1.5210614005465737,1.5462910960731362
Elastic Net,Basic,1,WELL,3.467003871371364,3.5047707784295308,3.4696028996606647
Elastic Net,Basic,1,WFC,1.0581390906461434,1.085084079064795,1.122669144918607
Elastic Net,Basic,1,WMB,1.3121628943363481,1.3149385359325951,1.3154425541226993
Elastic Net,Basic,1,WMT,1.5009560767232828,1.529464715709577,1.5350777122382453
Elastic Net,Basic,1,WY,0.4746402091934629,0.46888454832252363,0.46920250733016194
Elastic Net,Basic,1,XEL,0.879319358304484,0.9875566088052876,1.0020631082440141
Elastic Net,Basic,1,XYL,2.251616618775906,2.239110892373282,2.2310796200344063
Elastic Net,Basic,3,AAPL,11.54519660674659,11.49561729459996,11.316240282824625
Elastic Net,Basic,3,ABNB,18.732134112411114,18.51987631518156,18.503664141073315
Elastic Net,Basic,3,ACN,9.063173697309402,9.009172652289404,8.970207303905559
Elastic Net,Basic,3,ADBE,14.35453297907783,14.243160073410358,14.352906507564182
Elastic Net,Basic,3,AEP,2.994168100466135,3.0202391724482083,3.0639468328716726
Elastic Net,Basic,3,AES,0.03264961684307191,0.03073353246685738,0.029108138641700736
Elastic Net,Basic,3,AFL,3.009534713829679,3.0369713900479636,3.0004744698251127
Elastic Net,Basic,3,AIG,1.4784623850215795,1.4788026281591748,1.4994759997644693
Elastic Net,Basic,3,AMZN,16.246586112298125,16.236727443230034,16.257493246906527
Elastic Net,Basic,3,AOS,2.0697767149327215,2.109705708732739,2.113194463539591
Elastic Net,Basic,3,APA,2.272178751682375,2.279457430608287,2.2812108298724536
Elastic Net,Basic,3,APD,7.6447556704436295,7.162791955544671,7.314492474068532
Elastic Net,Basic,3,APO,8.149868123487561,8.086413020916693,8.115982465759611
Elastic Net,Basic,3,AXP,9.12736542097989,9.003354298922266,9.298394481484339
Elastic Net,Basic,3,BA,8.29566609025537,8.476310531053562,8.470899406270233
Elastic Net,Basic,3,BKNG,12.961769349724428,12.774064318159102,12.774387154122207
Elastic Net,Basic,3,BKR,1.6622066594609965,1.7752870708898247,1.7534838903258863
Elastic Net,Basic,3,BR,6.539016908613447,6.285966918119258,6.269976425035008
Elastic Net,Basic,3,CARR,3.0168035632762553,3.0371187126107517,2.993925006202719
Elastic Net,Basic,3,CASY,54.24936398476623,54.11964939936521,54.40896456913453
Elastic Net,Basic,3,CAT,41.9093387541055,42.16927100558024,42.43325815357284
Elastic Net,Basic,3,CBRE,5.678601122318082,5.772060151812399,5.76398892372859
Elastic Net,Basic,3,CEG,10.41575845502242,10.33780362431796,10.378895404568588
Elastic Net,Basic,3,CHRW,11.393518513737746,11.352633644671004,11.398715255417379
Elastic Net,Basic,3,CI,20.538839025540117,20.230451125738206,20.288261453676242
Elastic Net,Basic,3,CL,2.292261347377048,2.3075503501523027,2.3197293734185087
Elastic Net,Basic,3,COO,2.320692880288885,2.222998647850616,2.2151964160361524
Elastic Net,Basic,3,COP,4.77102548922209,4.715624596403006,4.72803780252751
Elastic Net,Basic,3,COST,18.637712181884392,18.68956904147422,18.572369430473284
Elastic Net,Basic,3,CSCO,3.9977591618888564,4.0667559456294455,4.063930736855044
Elastic Net,Basic,3,CSGP,2.0047670956299886,1.9860593527985042,1.9929612729591182
Elastic Net,Basic,3,CTAS,5.770249216826347,5.823813997152619,5.673221959034331
Elastic Net,Basic,3,CTSH,3.1805724470598715,3.1578107648389304,3.1504924873389717
Elastic Net,Basic,3,CTVA,5.326719255163147,5.291476609933126,5.269938718446236
Elastic Net,Basic,3,CVS,3.18426611898013,3.1987132637483904,3.1581784991876085
Elastic Net,Basic,3,CVX,6.128464645125546,6.025264857759277,6.036032221141766
Elastic Net,Basic,3,D,3.15285923887343,3.1178019196940943,3.1276370898193036
Elastic Net,Basic,3,DASH,17.744193242108807,17.536663513408293,17.739292935973378
Elastic Net,Basic,3,DG,4.72878943768353,4.705733441812077,4.681961634895504
Elastic Net,Basic,3,DHR,10.08518924277859,10.18121114128985,10.271689443749194
Elastic Net,Basic,3,DIS,3.0739789733266294,3.0196821053265666,3.0301169212012944
Elastic Net,Basic,3,DVA,15.25369766353416,15.428570405745575,15.203537019066577
Elastic Net,Basic,3,DVN,1.7972911455847742,1.7904327212264364,1.7955793880072004
Elastic Net,Basic,3,DXCM,4.667808868828196,4.6615748609139045,4.6625612341584
Elastic Net,Basic,3,EA,3.26738468666507,3.4105232155519865,3.317268666112538
Elastic Net,Basic,3,ED,3.2663110568427145,3.3534086337672586,3.429198530466572
Elastic Net,Basic,3,EOG,6.035644763827219,6.034224767358013,6.039822036680962
Elastic Net,Basic,3,EW,5.046325418431165,4.947008385180028,4.953905095180556
Elastic Net,Basic,3,EXE,8.75702697332764,8.848326770264391,8.846884976996863
Elastic Net,Basic,3,FANG,8.879473173458384,8.873425403182715,8.899126142371056
Elastic Net,Basic,3,GEHC,4.881677946882631,4.811927170185205,4.808497643144192
Elastic Net,Basic,3,GILD,5.182256317994453,4.938775713598357,4.9480554984004685
Elastic Net,Basic,3,GIS,1.598257732981424,1.6223914323431212,1.6026225663883849
Elastic Net,Basic,3,GOOGL,16.567949073452656,16.527954018757562,16.612201115562023
Elastic Net,Basic,3,GS,36.95649490096238,37.075387145291636,38.0799522804948
Elastic Net,Basic,3,HPE,3.1911444771533173,3.1795366924982615,3.2429660457034637
Elastic Net,Basic,3,IFF,4.838620649364761,4.873730468299825,4.847354592192715
Elastic Net,Basic,3,IP,2.65648565372864,2.6332009573950472,2.6327839140325047
Elastic Net,Basic,3,IRM,4.224476061271828,4.321193459699225,4.328620284359281
Elastic Net,Basic,3,JPM,6.398130107698375,6.669362632528166,6.791628816448657
Elastic Net,Basic,3,KIM,1.5195649422320514,1.4993450520806162,1.5058044448841663
Elastic Net,Basic,3,KO,2.4582904353309747,2.4355693538703305,2.3890883454543563
Elastic Net,Basic,3,LNT,2.560112920744696,2.5545495174477337,2.5620207077801798
Elastic Net,Basic,3,LYB,3.6904063233093383,3.617127566047733,3.5941144545300427
Elastic Net,Basic,3,MAA,6.418786223527695,6.4483608628108735,6.4266244362483365
Elastic Net,Basic,3,META,24.51751394491011,24.538696701295613,24.747994620932435
Elastic Net,Basic,3,MLM,19.367999864240733,19.37601478550492,19.471861381325475
Elastic Net,Basic,3,MMM,6.324269701068014,6.338647777131968,6.279722889640962
Elastic Net,Basic,3,MOS,1.1232299294049926,1.1276167879685783,1.1285038772257578
Elastic Net,Basic,3,NFLX,2.31351020989089,2.315599170858382,2.3314095115548383
Elastic Net,Basic,3,NKE,1.1355013707765456,1.1167480232167135,1.1505019444344544
Elastic Net,Basic,3,NOW,12.86886540521924,12.869539974258517,12.923720874343537
Elastic Net,Basic,3,OMC,6.111097794151,6.100397249812375,6.114764052102095
Elastic Net,Basic,3,PEP,3.967927569166932,4.058172805432683,4.037222066969116
Elastic Net,Basic,3,PYPL,3.0904826365746194,3.0983044433378537,3.0933728276409833
Elastic Net,Basic,3,RL,11.492780215074024,11.730275230588568,11.856795306046921
Elastic Net,Basic,3,SBUX,4.450013004173835,4.457255236041312,4.397585515852265
Elastic Net,Basic,3,STLD,11.939046730748952,12.155906742838386,12.13310475035776
Elastic Net,Basic,3,SW,4.429800569055337,4.378387270735279,4.388919882258558
Elastic Net,Basic,3,T,1.1501926429945701,1.136210550590844,1.1326714894399772
Elastic Net,Basic,3,TGT,5.163174896439842,5.127979308832513,5.106992963169291
Elastic Net,Basic,3,TPR,10.44156351453849,10.539672336707325,10.522847639367857
Elastic Net,Basic,3,TSLA,22.78710420530743,22.804925116103988,23.071037419480824
Elastic Net,Basic,3,TTWO,14.662818923356387,14.601479709358616,14.63386435786101
Elastic Net,Basic,3,V,27.805380276915574,27.49633659702603,27.60966633743411
Elastic Net,Basic,3,VMC,8.657939140264878,8.71541603346841,8.740855143938859
Elastic Net,Basic,3,VST,8.250489503243886,8.221564822407286,8.319548337942091
Elastic Net,Basic,3,VTR,2.9663087586807357,2.8589826031743315,2.853319660443359
Elastic Net,Basic,3,WBD,0.6926231613328508,0.6892520709131866,0.6676290252197056
Elastic Net,Basic,3,WDAY,17.974865840135603,17.960318470592824,18.042088390054786
Elastic Net,Basic,3,WDC,55.79613798842913,56.18687066428885,56.23994358709693
Elastic Net,Basic,3,WEC,4.8265175492971295,4.755973637209751,4.811252387045056
Elastic Net,Basic,3,WELL,8.810709538602408,8.567966025077618,8.498737478128414
Elastic Net,Basic,3,WFC,1.9257721494566118,1.9425802440128828,2.0221831889106285
Elastic Net,Basic,3,WMB,2.1783264343957556,2.174808325592264,2.1960858285391507
Elastic Net,Basic,3,WMT,3.975187417821059,3.9513961944862945,3.965291777707532
Elastic Net,Basic,3,WY,0.704531115653482,0.6986775518921203,0.6951259087271248
Elastic Net,Basic,3,XEL,1.5081299964130435,1.4359995166440058,1.444068981567009
Elastic Net,Basic,3,XYL,4.0976656504132505,4.102141861150416,4.077458587989835
Elastic Net,Basic,5,AAPL,15.210386123145554,15.380409173395956,15.581708964825275
Elastic Net,Basic,5,ABNB,27.692235605894716,27.08297953456639,27.04588734179204
Elastic Net,Basic,5,ACN,11.231502410452205,11.075612868135595,11.087352829577505
Elastic Net,Basic,5,ADBE,16.851388209899216,16.739369228134954,16.838584430995816
Elastic Net,Basic,5,AEP,3.7366659874510337,3.8764572477078763,3.9159844601822336
Elastic Net,Basic,5,AES,0.04361354493607025,0.04411897278330954,0.04308831769925992
Elastic Net,Basic,5,AFL,5.956737550957078,5.923841491329479,5.902390213232275
Elastic Net,Basic,5,AIG,1.3141997492294095,1.3121068236808062,1.327570585499021
Elastic Net,Basic,5,AMZN,21.324648132253966,21.333091824986365,21.381564396011623
Elastic Net,Basic,5,AOS,2.173653791804051,2.2009124557521726,2.1943677959481125
Elastic Net,Basic,5,APA,2.482949845395757,2.5307931354152897,2.526078226149051
Elastic Net,Basic,5,APD,10.514288414013269,9.007802980685902,9.093130042568179
Elastic Net,Basic,5,APO,9.631617610952931,9.272047914346949,9.306017287076111
Elastic Net,Basic,5,AXP,11.106508692799649,10.758180772001628,10.727340057224303
Elastic Net,Basic,5,BA,11.475702491055074,11.677510721963767,11.605733234774595
Elastic Net,Basic,5,BKNG,20.783940784797853,20.13428786050647,20.154712235123068
Elastic Net,Basic,5,BKR,2.260682738688953,2.61057830276643,2.603359306793493
Elastic Net,Basic,5,BR,8.30928217541842,7.832353781117173,7.840172734971596
Elastic Net,Basic,5,CARR,3.466584965449626,3.4934253108914803,3.5049262723416077
Elastic Net,Basic,5,CASY,94.53864928736853,91.95123359419355,92.10968792671198
Elastic Net,Basic,5,CAT,55.869704303356016,57.41359558958486,57.0333387673617
Elastic Net,Basic,5,CBRE,7.712553029238244,7.593702815624,7.582298331341156
Elastic Net,Basic,5,CEG,14.880983672118456,14.92073643937977,14.906293774806649
Elastic Net,Basic,5,CHRW,14.378870310048399,14.31149676719571,14.2816514155129
Elastic Net,Basic,5,CI,33.63969518730476,33.02664970850929,33.14362822748524
Elastic Net,Basic,5,CL,3.014640099999472,3.0647966498269743,3.0832103396316715
Elastic Net,Basic,5,COO,3.260924001490648,3.122125126328339,3.1211655969553376
Elastic Net,Basic,5,COP,5.652136204382088,5.345398194788578,5.349840973765805
Elastic Net,Basic,5,COST,29.72495449231775,29.18683969337023,29.304330465675655
Elastic Net,Basic,5,CSCO,5.398987518064247,5.663768299080445,5.634868199059514
Elastic Net,Basic,5,CSGP,3.75342435158779,3.7152590329977797,3.7174387323904523
Elastic Net,Basic,5,CTAS,8.209138933896115,8.174184560038091,8.243085641660974
Elastic Net,Basic,5,CTSH,4.464690918653303,4.357295141030855,4.358658258248313
Elastic Net,Basic,5,CTVA,9.1834836072769,9.06489022316285,9.08051759388373
Elastic Net,Basic,5,CVS,4.309360692840152,4.333084321394108,4.304676659676569
Elastic Net,Basic,5,CVX,7.400724169853828,6.912411206251956,6.927643498792044
Elastic Net,Basic,5,D,4.214129561493532,4.063562814011117,4.066554544272811
Elastic Net,Basic,5,DASH,19.69600976273715,19.149628780624738,19.22294718906272
Elastic Net,Basic,5,DG,5.810263884483163,5.892615241356089,5.878777667689304
Elastic Net,Basic,5,DHR,10.165392994264993,10.100921179777323,10.222595169567613
Elastic Net,Basic,5,DIS,3.6667781978525777,3.492689090566667,3.499239164490306
Elastic Net,Basic,5,DVA,20.352566542007576,20.998743328650537,20.83664619813622
Elastic Net,Basic,5,DVN,2.282314937024874,2.2957609539825166,2.302260010950324
Elastic Net,Basic,5,DXCM,5.9573832558860245,5.744828569513118,5.7400638798010455
Elastic Net,Basic,5,EA,7.7064422217755455,7.779350149963191,7.620998087170233
Elastic Net,Basic,5,ED,3.8049466868004758,3.998128365919264,4.046649788080203
Elastic Net,Basic,5,EOG,6.494291017550551,6.3320350455774355,6.320866697997958
Elastic Net,Basic,5,EW,7.628791213740476,7.250655557468122,7.242846393710483
Elastic Net,Basic,5,EXE,15.754608930764663,15.936377662390043,15.941593246768278
Elastic Net,Basic,5,FANG,13.3163993598526,13.327803668800712,13.306109705282267
Elastic Net,Basic,5,GEHC,7.1446469253140625,6.892966653963298,6.888552680295264
Elastic Net,Basic,5,GILD,8.14781186685154,7.461829664160812,7.470824643015594
Elastic Net,Basic,5,GIS,2.2918700833949153,2.383353882908628,2.3427107358774513
Elastic Net,Basic,5,GOOGL,21.10320081159511,20.985417148879712,20.862074945440074
Elastic Net,Basic,5,GS,42.170805339076615,43.13555353585481,42.96158152410214
Elastic Net,Basic,5,HPE,4.192218219950353,4.137070308835993,4.151277842941607
Elastic Net,Basic,5,IFF,9.568027170048492,9.58264565727405,9.581661276236959
Elastic Net,Basic,5,IP,5.267791568436515,5.245375928855964,5.235873459033431
Elastic Net,Basic,5,IRM,4.685776675568114,4.792955703994263,4.794085923613385
Elastic Net,Basic,5,JPM,10.377938078657765,10.313106348312086,10.35390321502899
Elastic Net,Basic,5,KIM,3.5858247963979895,3.494906304025425,3.4983445986241377
Elastic Net,Basic,5,KO,3.132532767129426,3.102866229406425,3.0976141698936384
Elastic Net,Basic,5,LNT,3.7084971974792253,3.7173045968786256,3.720144620610708
Elastic Net,Basic,5,LYB,5.183813502726277,4.985289202107852,4.97924976574038
Elastic Net,Basic,5,MAA,12.65658250304473,12.676639120970744,12.656502945687198
Elastic Net,Basic,5,META,35.01507737207684,35.783229038032204,35.87782433502984
Elastic Net,Basic,5,MLM,16.359249327525934,17.432132132726693,17.410240832580577
Elastic Net,Basic,5,MMM,7.21989296365301,7.084735001223376,7.0732961362874365
Elastic Net,Basic,5,MOS,1.4935163353960021,1.505100948911801,1.4987452432063368
Elastic Net,Basic,5,NFLX,3.337979309665385,3.3345506060615464,3.347230155964636
Elastic Net,Basic,5,NKE,1.1126580629328582,1.1189662221980763,1.1132473652491677
Elastic Net,Basic,5,NOW,21.476530096283508,21.431429567788268,21.487423415997785
Elastic Net,Basic,5,OMC,8.492488105748878,8.458450759616756,8.469638172721691
Elastic Net,Basic,5,PEP,4.835578350246272,5.048709744510431,5.04523392989931
Elastic Net,Basic,5,PYPL,3.668027433220297,3.7003169702267966,3.691986735510044
Elastic Net,Basic,5,RL,14.318408793606004,15.973310068179465,16.024615662444777
Elastic Net,Basic,5,SBUX,8.653202907799132,8.620699362790116,8.614641005573231
Elastic Net,Basic,5,STLD,15.288811874574005,15.82903958752108,15.816301508742729
Elastic Net,Basic,5,SW,5.7145951888511695,5.567900263259235,5.566839258108092
Elastic Net,Basic,5,T,1.8827322876966985,1.8351599844322506,1.8322938109542894
Elastic Net,Basic,5,TGT,8.601319241195853,8.351887951018199,8.349940655987465
Elastic Net,Basic,5,TPR,13.325815978254038,13.607334994573574,13.589500689414267
Elastic Net,Basic,5,TSLA,31.20422502240909,31.18202438907422,31.163800588089856
Elastic Net,Basic,5,TTWO,19.679050295134573,19.503150216757984,19.53729238185189
Elastic Net,Basic,5,V,45.804435804257835,44.96439283515718,45.02912228565058
Elastic Net,Basic,5,VMC,9.459276502137278,9.974867388147961,9.984745301233339
Elastic Net,Basic,5,VST,10.317563316419026,10.226993089154833,10.25678526589733
Elastic Net,Basic,5,VTR,3.814097473288531,3.4423735962036,3.458320108645995
Elastic Net,Basic,5,WBD,0.9121139029155246,0.9029573982664616,0.8899753685736939
Elastic Net,Basic,5,WDAY,27.20058786623398,27.054907902292932,27.121367058948593
Elastic Net,Basic,5,WDC,61.50257195556808,62.64784856289854,62.40774500165041
Elastic Net,Basic,5,WEC,6.007513073877144,5.778997974751376,5.813503624280635
Elastic Net,Basic,5,WELL,15.01914441122369,14.18899844334282,14.173540159118348
Elastic Net,Basic,5,WFC,2.4622631299197444,2.5170091454372074,2.4879728046716867
Elastic Net,Basic,5,WMB,2.626904944215989,2.6697548979199763,2.6847731963855703
Elastic Net,Basic,5,WMT,4.757432693562192,4.715913540551303,4.719718062556161
Elastic Net,Basic,5,WY,0.8772304066119374,0.8731968569466915,0.8681700003332924
Elastic Net,Basic,5,XEL,2.443449579587188,2.276073405446754,2.2971325780136835
Elastic Net,Basic,5,XYL,4.370940332897865,4.418451122222437,4.430940380502922
Random Forest,Advanced,1,AAPL,6.320925525364377,6.440016970213875,6.373416815412951
Random Forest,Advanced,1,ABNB,6.212504125426474,6.286445853526818,6.278910740226431
Random Forest,Advanced,1,ACN,6.6122547377922,6.712644938867388,6.757085559387323
Random Forest,Advanced,1,ADBE,8.56157902119511,8.43882456127673,8.39242496591277
Random Forest,Advanced,1,AEP,1.5695119460785785,1.5889644627144301,1.6104332026869086
Random Forest,Advanced,1,AES,0.17523548631743183,0.17496609341795005,0.17407854323268002
Random Forest,Advanced,1,AFL,1.655284975161347,1.7512584637136068,1.7899166858381423
Random Forest,Advanced,1,AIG,1.0770728683837603,1.1222665724182153,1.1192865403667025
Random Forest,Advanced,1,AMZN,8.85280254474631,8.948552471336601,8.971754128963553
Random Forest,Advanced,1,AOS,1.3525241752140709,1.3570980350387982,1.3475939832009591
Random Forest,Advanced,1,APA,1.2497115552700462,1.2682800833989145,1.2656773906162497
Random Forest,Advanced,1,APD,3.641584970933251,4.04355077815017,4.065179733954181
Random Forest,Advanced,1,APO,3.544206754993672,3.6760527821107316,3.695072570526828
Random Forest,Advanced,1,AXP,5.6918289167802945,5.858723529401248,6.005491243734289
Random Forest,Advanced,1,BA,4.956125996018649,5.024613655767195,5.084631752870967
Random Forest,Advanced,1,BKNG,5.820756166085731,5.9486859410759605,5.9920028793935165
Random Forest,Advanced,1,BKR,1.2167788495835412,1.2972370698475586,1.3177141620256076
Random Forest,Advanced,1,BR,4.087903078864333,4.022891995923243,4.019518705898528
Random Forest,Advanced,1,CARR,1.492380806529924,1.5092964379468716,1.5033223090746746
Random Forest,Advanced,1,CASY,17.125284073677037,17.634054840274054,17.738971739142432
Random Forest,Advanced,1,CAT,21.749899813954997,21.893180719467146,22.117371597263045
Random Forest,Advanced,1,CBRE,3.3874326645822506,3.5472917684865295,3.598663097517306
Random Forest,Advanced,1,CEG,8.785778275841833,8.773717824900137,8.83021064330395
Random Forest,Advanced,1,CHRW,7.053835670142276,7.007279441876273,7.010012556719211
Random Forest,Advanced,1,CI,5.071241774680129,5.022886040194307,5.008977675021388
Random Forest,Advanced,1,CL,1.2097222438417436,1.2504512359413231,1.2749085675137208
Random Forest,Advanced,1,COO,1.1173700905040167,1.1019506300573696,1.1009379440438165
Random Forest,Advanced,1,COP,2.758159842853,2.9293001262147538,2.9240367624114096
Random Forest,Advanced,1,COST,14.371187858151556,14.779911075282259,15.054825077911689
Random Forest,Advanced,1,CSCO,2.6927830263576316,2.723481813339513,2.744664942123291
Random Forest,Advanced,1,CSGP,1.0418630687387904,1.0559519716723753,1.0554401159587599
Random Forest,Advanced,1,CTAS,3.786556528861962,3.827299980632301,3.8599593441331863
Random Forest,Advanced,1,CTSH,1.8671277998358518,1.9157817541791302,1.9235027558423639
Random Forest,Advanced,1,CTVA,2.209437111814827,2.2069672246935323,2.1940999710532094
Random Forest,Advanced,1,CVS,1.8301942227068408,1.8750576522563098,1.89469287745916
Random Forest,Advanced,1,CVX,3.3150608464437576,3.4247762662719565,3.3890975188354067
Random Forest,Advanced,1,D,0.679291937954903,0.7512299092395816,0.761576165663998
Random Forest,Advanced,1,DASH,6.032565224119613,6.180655088174359,6.227461764254469
Random Forest,Advanced,1,DG,2.6317198173235825,2.597688349753268,2.5859301509480637
Random Forest,Advanced,1,DHR,5.589812499244623,5.520964877964223,5.4765140599619455
Random Forest,Advanced,1,DIS,1.9271186877689803,1.9425481850213562,1.929312488310244
Random Forest,Advanced,1,DVA,7.97565728528654,7.836950643591691,7.847206818469968
Random Forest,Advanced,1,DVN,1.2120280854839238,1.2318517490749108,1.2226407363076437
Random Forest,Advanced,1,DXCM,2.5086163830010118,2.5340930095608454,2.533400746058406
Random Forest,Advanced,1,EA,1.0154767316179156,1.3275001477329278,1.5552359580634791
Random Forest,Advanced,1,ED,1.5873133689731302,1.641647783832197,1.6524022605528108
Random Forest,Advanced,1,EOG,4.245753726754708,4.418739806587784,4.4384313283981705
Random Forest,Advanced,1,EW,1.106733475182548,1.2389788843177205,1.252996027797456
Random Forest,Advanced,1,EXE,1.8501296247172097,1.8661721019872701,1.8777685423475656
Random Forest,Advanced,1,FANG,4.944007835304845,4.998131954853007,4.982246784305911
Random Forest,Advanced,1,GEHC,1.8613785198485457,1.8782286168031679,1.8765166242376763
Random Forest,Advanced,1,GILD,2.370429341487722,2.4398724594165944,2.4418511154702283
Random Forest,Advanced,1,GIS,0.8648641481127284,0.8611981353804953,0.8712286263879876
Random Forest,Advanced,1,GOOGL,9.02431243729244,9.0017394079065,9.03024853165346
Random Forest,Advanced,1,GS,24.88247340482464,24.37923462917503,24.229351932489475
Random Forest,Advanced,1,HPE,1.816904375753325,1.8163943139690268,1.8329195026987983
Random Forest,Advanced,1,IFF,2.1786537220194626,2.2286340010703416,2.2352554835600853
Random Forest,Advanced,1,IP,1.1871407786932098,1.1783470324027185,1.1631942833349709
Random Forest,Advanced,1,IRM,2.928914023575172,3.0353395468940603,3.0544818440257235
Random Forest,Advanced,1,JPM,4.712352707063429,5.374868284877048,5.652180433465012
Random Forest,Advanced,1,KIM,0.3305712705398609,0.3597340691041429,0.36096136371535986
Random Forest,Advanced,1,KO,1.5116996182911948,1.6146251095326285,1.6414041955163539
Random Forest,Advanced,1,LNT,1.0574902606264636,1.0723285646168106,1.0765662586237121
Random Forest,Advanced,1,LYB,1.6594874961466146,1.7018684599895766,1.6838850615308547
Random Forest,Advanced,1,MAA,1.8967017028830757,1.8867362612517244,1.9076228585144286
Random Forest,Advanced,1,META,16.029381390654287,15.757566453428325,15.627660188843747
Random Forest,Advanced,1,MLM,13.23308014218376,12.666010593624886,12.639581077660619
Random Forest,Advanced,1,MMM,3.1713366834125236,3.379863394159519,3.4807956122446977
Random Forest,Advanced,1,MOS,0.5533884841955244,0.5477786184503542,0.5518586924358033
Random Forest,Advanced,1,NFLX,1.7283252422940696,1.7209317518459193,1.7157546359373115
Random Forest,Advanced,1,NKE,0.831659512076056,0.8144544472317824,0.802211653075909
Random Forest,Advanced,1,NOW,4.9994356303071665,5.048412088507458,5.0523621437580255
Random Forest,Advanced,1,OMC,2.0400728188634654,2.0297052200761487,2.0332555675251713
Random Forest,Advanced,1,PEP,1.8048834837104815,1.881012723936795,1.9037733238869778
Random Forest,Advanced,1,PYPL,1.6061404537934412,1.6088486618776376,1.605997064361286
Random Forest,Advanced,1,RL,7.314719640105324,7.526766857565177,7.672223424735351
Random Forest,Advanced,1,SBUX,1.5672653020030207,1.5678555302701436,1.5568154952562796
Random Forest,Advanced,1,STLD,5.728765104474215,5.794284997068335,5.775173562330232
Random Forest,Advanced,1,SW,1.4443044189257668,1.4708941206864368,1.4584184572303744
Random Forest,Advanced,1,T,0.6296936147614369,0.6482920309409984,0.6485482765884383
Random Forest,Advanced,1,TGT,2.9816589655577923,3.019806182456269,3.0252528452888927
Random Forest,Advanced,1,TPR,6.079686995547356,6.355442309036037,6.382355111824056
Random Forest,Advanced,1,TSLA,13.023487640339246,13.085122478619008,13.048493789030523
Random Forest,Advanced,1,TTWO,5.571142516287524,5.467825906826248,5.444219832097472
Random Forest,Advanced,1,V,6.05313247813915,6.252575735000156,6.308141268601561
Random Forest,Advanced,1,VMC,5.420850600307491,5.596376127188095,5.613402056418163
Random Forest,Advanced,1,VST,4.48933691516593,4.5139929917795145,4.558788844912737
Random Forest,Advanced,1,VTR,1.9501243339446617,2.0203312584233495,2.0196327731551933
Random Forest,Advanced,1,WBD,0.35428834279162064,0.3600308772778171,0.3647273854048977
Random Forest,Advanced,1,WDAY,8.898730801308634,8.94297955882372,8.97282323163507
Random Forest,Advanced,1,WDC,29.320781732790447,29.08285380640266,29.109108917705868
Random Forest,Advanced,1,WEC,1.496697022724112,1.5814220661729488,1.5992651963298008
Random Forest,Advanced,1,WELL,3.9956599380313835,4.233029067098864,4.25110936485205
Random Forest,Advanced,1,WFC,1.359413023450042,1.396982298126157,1.479740187211168
Random Forest,Advanced,1,WMB,1.3140431161596466,1.3372099424006967,1.328276023731505
Random Forest,Advanced,1,WMT,1.5541733463182454,1.5802385989735748,1.5838462863640435
Random Forest,Advanced,1,WY,0.5781994110410899,0.5530200816978116,0.5548988890596217
Random Forest,Advanced,1,XEL,1.008886804257808,1.152032259571964,1.1837808079337373
Random Forest,Advanced,1,XYL,2.2633779820915265,2.2692584869992323,2.280020124296474
Random Forest,Advanced,3,AAPL,12.097451704721664,12.084579880469548,11.809245533829115
Random Forest,Advanced,3,ABNB,13.616805877634,13.6543279703262,13.673655662937461
Random Forest,Advanced,3,ACN,11.616105015252172,11.685126772824413,11.566944584435422
Random Forest,Advanced,3,ADBE,15.002098480810293,14.998932212533381,14.911830726151532
Random Forest,Advanced,3,AEP,2.72930780029011,2.723626394309694,2.7365938907181624
Random Forest,Advanced,3,AES,0.4887896462726653,0.4882938062326661,0.4990845202922797
Random Forest,Advanced,3,AFL,3.4392584158618504,3.502674931325676,3.4596955684953232
Random Forest,Advanced,3,AIG,2.697563835553335,2.698105244948311,2.7015913931957454
Random Forest,Advanced,3,AMZN,16.629754288158612,16.648303435636528,16.66127748653914
Random Forest,Advanced,3,AOS,2.3964160986898917,2.3848297402973624,2.4100540822781293
Random Forest,Advanced,3,APA,3.182458788819526,3.183377995676552,3.193833842679226
Random Forest,Advanced,3,APD,6.478440944558858,6.593289043432777,6.435488346882074
Random Forest,Advanced,3,APO,6.663890952298955,6.815162458198629,6.763021900275341
Random Forest,Advanced,3,AXP,7.560995347893377,7.657788373006219,7.666194791363159
Random Forest,Advanced,3,BA,10.123456090896175,10.241833363704464,10.166007936283146
Random Forest,Advanced,3,BKNG,12.494036822043252,12.521731699481402,12.358981973736988
Random Forest,Advanced,3,BKR,3.228780510450621,3.2630866830347767,3.2250970420598377
Random Forest,Advanced,3,BR,7.015045661709139,6.941217869529492,6.865544751210369
Random Forest,Advanced,3,CARR,2.774221705436547,2.7846271318416385,2.6847591769461983
Random Forest,Advanced,3,CASY,30.964474368737598,31.550916434359664,31.558665576390524
Random Forest,Advanced,3,CAT,36.199027562772045,36.330736693402464,36.933456212644614
Random Forest,Advanced,3,CBRE,6.41814134232695,6.465606701039986,6.3846724674538775
Random Forest,Advanced,3,CEG,16.657480132785235,16.66961662241328,16.56088393266336
Random Forest,Advanced,3,CHRW,12.295385297526689,12.344123062716776,12.370015881941857
Random Forest,Advanced,3,CI,8.096772344100435,8.170859418391206,7.988146372263473
Random Forest,Advanced,3,CL,1.5851280997340844,1.5782139884394029,1.5803991139418638
Random Forest,Advanced,3,COO,1.9814098851043938,1.9495647635301097,1.9448562415883213
Random Forest,Advanced,3,COP,8.308348046591084,8.374854195175669,8.342691821295604
Random Forest,Advanced,3,COST,26.52372643996742,26.560059829185654,25.74732972798413
Random Forest,Advanced,3,CSCO,4.031455994538015,4.066419852702828,4.089737416396349
Random Forest,Advanced,3,CSGP,1.462252099522594,1.4503991750341718,1.4521952157257325
Random Forest,Advanced,3,CTAS,6.763796506034644,6.6908212034721695,6.47722301914462
Random Forest,Advanced,3,CTSH,3.947762907401223,3.950179068782339,3.9174215082253347
Random Forest,Advanced,3,CTVA,4.36504985282242,4.2591878700645935,4.238897181916168
Random Forest,Advanced,3,CVS,3.1113161235814437,3.0702741858538176,3.0471334351762893
Random Forest,Advanced,3,CVX,9.150388786893698,9.207640572708357,9.208193650892392
Random Forest,Advanced,3,D,1.069922282583455,1.0857706582652227,1.0703492237333856
Random Forest,Advanced,3,DASH,10.700164654069637,10.707920742186582,10.482927992354655
Random Forest,Advanced,3,DG,4.585885422265886,4.591285169842583,4.5556218475084025
Random Forest,Advanced,3,DHR,9.494307345172762,9.524293845847772,9.414912873612224
Random Forest,Advanced,3,DIS,3.1460959906515504,3.1616690374801695,3.162479312335345
Random Forest,Advanced,3,DVA,16.06848300234846,15.83517252059746,15.777902226748733
Random Forest,Advanced,3,DVN,2.4487314578364723,2.456279273712461,2.407864644891984
Random Forest,Advanced,3,DXCM,4.52143574067757,4.571591942864484,4.565621306619347
Random Forest,Advanced,3,EA,1.9867903779762515,2.0832696358623735,1.957186913002779
Random Forest,Advanced,3,ED,3.526659085074189,3.5585729682040883,3.438906227910097
Random Forest,Advanced,3,EOG,10.306148370586614,10.349914337706018,10.287284577411269
Random Forest,Advanced,3,EW,2.8756821316519967,2.962549129195485,2.9448941492151333
Random Forest,Advanced,3,EXE,3.272592900599469,3.3123929823103158,3.3409759256518328
Random Forest,Advanced,3,FANG,13.544818430464861,13.600929219931922,13.58278997691717
Random Forest,Advanced,3,GEHC,2.9177978290116244,2.922929468671128,2.915058336346591
Random Forest,Advanced,3,GILD,3.5984720343336245,3.590025526004294,3.5770929520892647
Random Forest,Advanced,3,GIS,1.4403621534025541,1.4471354037436834,1.550723486917691
Random Forest,Advanced,3,GOOGL,16.42713116981436,16.413002940205942,16.457253963858744
Random Forest,Advanced,3,GS,32.19669942712947,32.39456294240174,33.328463120929705
Random Forest,Advanced,3,HPE,3.4014127180091833,3.4249044523786343,3.5018260596943263
Random Forest,Advanced,3,IFF,3.1733082407236903,3.1903560764350716,3.245929150870042
Random Forest,Advanced,3,IP,2.1730199643572727,2.166235372231647,2.168460964289574
Random Forest,Advanced,3,IRM,4.612345180900943,4.638708416023965,4.587357966231772
Random Forest,Advanced,3,JPM,15.237190528246716,15.443567975184228,15.00583294235393
Random Forest,Advanced,3,KIM,0.5806230691182085,0.5727846651612284,0.5600849154875682
Random Forest,Advanced,3,KO,2.7618277123335946,2.756796968031252,2.654482402564496
Random Forest,Advanced,3,LNT,1.340559861814645,1.3303897977488803,1.3108096844429113
Random Forest,Advanced,3,LYB,3.9119953840798285,3.924780305361793,3.972779729929
Random Forest,Advanced,3,MAA,2.4158903850154108,2.383767572022298,2.3201717212200443
Random Forest,Advanced,3,META,27.6567078711751,27.471650338344624,27.587585702348605
Random Forest,Advanced,3,MLM,22.29621004173444,22.633479350502647,22.617829626581155
Random Forest,Advanced,3,MMM,6.322721749659033,6.352069009344869,6.270405341100509
Random Forest,Advanced,3,MOS,1.3243144081314497,1.316683109704929,1.34610387469017
Random Forest,Advanced,3,NFLX,3.1709368813910057,3.1827162716840105,3.1912348888503326
Random Forest,Advanced,3,NKE,1.062328275892522,1.07003585347898,1.0699609031466748
Random Forest,Advanced,3,NOW,10.328903550214964,10.33477133924625,10.179625637805378
Random Forest,Advanced,3,OMC,3.518542163563715,3.5087016948036167,3.5085394909930403
Random Forest,Advanced,3,PEP,2.886920046143875,2.869231358803656,2.8363757196898094
Random Forest,Advanced,3,PYPL,3.0023732303376014,3.0061344467294364,3.0101736575762965
Random Forest,Advanced,3,RL,10.660256591095497,10.73952213329894,10.99984454759294
Random Forest,Advanced,3,SBUX,2.1722244650622415,2.2117698670532056,2.308826780207418
Random Forest,Advanced,3,STLD,12.05046571836587,12.153076289672965,12.156114444524917
Random Forest,Advanced,3,SW,2.6343201042399698,2.6811888075350545,2.689719623449014
Random Forest,Advanced,3,T,0.9756004438636564,0.9762058672433938,0.9797650750874585
Random Forest,Advanced,3,TGT,5.137985044007022,5.168801062105113,5.159476178577476
Random Forest,Advanced,3,TPR,10.933968951436716,11.013502257933432,11.012135214729994
Random Forest,Advanced,3,TSLA,22.060780518219094,22.027484709146886,22.177200206745066
Random Forest,Advanced,3,TTWO,9.213671940544348,9.184680540252145,9.21612863331956
Random Forest,Advanced,3,V,10.503155296795825,10.356723716041074,9.652599551193008
Random Forest,Advanced,3,VMC,8.488551114630498,8.534359779614597,8.53130312630251
Random Forest,Advanced,3,VST,7.938822316050477,7.948862347959415,7.989484306174453
Random Forest,Advanced,3,VTR,3.7545004733774854,3.6920712767761947,3.6843699099010654
Random Forest,Advanced,3,WBD,0.6666069935751315,0.6608216074813403,0.6598022420663667
Random Forest,Advanced,3,WDAY,15.081917919247722,15.111572397023307,15.06716230032194
Random Forest,Advanced,3,WDC,56.66469100733652,56.55354989073791,56.78062999973343
Random Forest,Advanced,3,WEC,2.966224663667752,2.9938728179670444,2.9567287725519233
Random Forest,Advanced,3,WELL,8.032184821570674,7.998024751313539,8.074334554075199
Random Forest,Advanced,3,WFC,2.9581338763915137,2.9585094239281617,2.8779803404231257
Random Forest,Advanced,3,WMB,2.3310274057252327,2.3761385317627,2.3446860277571537
Random Forest,Advanced,3,WMT,3.8191112508076666,3.8294159655676827,3.807931117699102
Random Forest,Advanced,3,WY,1.4529855472559214,1.4322102975529547,1.4279572845464206
Random Forest,Advanced,3,XEL,1.4516858383013083,1.4458483312699233,1.4588620041497637
Random Forest,Advanced,3,XYL,4.1030999829586845,4.102034014911663,4.145779784641306
Random Forest,Advanced,5,AAPL,13.065809109266088,12.975352531017755,13.041737381234684
Random Forest,Advanced,5,ABNB,19.066702428452835,19.099684865602853,19.047606599982693
Random Forest,Advanced,5,ACN,15.419867028057187,15.512499248639,15.605031091578942
Random Forest,Advanced,5,ADBE,17.534199551830053,17.409637878258085,17.58919530427113
Random Forest,Advanced,5,AEP,3.335194255195907,3.2838979073625376,3.3293508338640883
Random Forest,Advanced,5,AES,0.7223888494132349,0.722377213179651,0.7127302121549786
Random Forest,Advanced,5,AFL,3.227149520790359,3.2782878612465347,3.2584891972046255
Random Forest,Advanced,5,AIG,2.6740896429929086,2.7020223480169054,2.6933616381167638
Random Forest,Advanced,5,AMZN,20.133341820478776,20.18050579822925,20.2092413732181
Random Forest,Advanced,5,AOS,2.3560398212406315,2.2738476219683785,2.2604698240260315
Random Forest,Advanced,5,APA,2.9612127509703186,2.9796311477459803,2.9713076238023444
Random Forest,Advanced,5,APD,8.641109355415411,8.798146902931057,9.058363220200334
Random Forest,Advanced,5,APO,6.600472827894467,6.792251127320816,6.870070423001208
Random Forest,Advanced,5,AXP,9.188797327673146,9.297130691070524,9.245023837478684
Random Forest,Advanced,5,BA,13.267992331950037,13.426658235963002,13.469406975716543
Random Forest,Advanced,5,BKNG,13.590525960631876,13.621833156601811,13.725310694082854
Random Forest,Advanced,5,BKR,2.6363783803196146,2.7354629394258816,2.755721111024089
Random Forest,Advanced,5,BR,9.398727248615385,9.051772246805081,9.13201138026807
Random Forest,Advanced,5,CARR,3.0399288816710066,3.07998000629383,3.1158632538824196
Random Forest,Advanced,5,CASY,38.98983629872188,40.455588906464534,40.614531362296525
Random Forest,Advanced,5,CAT,37.25200271954878,37.369497144788475,37.43217927848568
Random Forest,Advanced,5,CBRE,7.455424133871762,7.656838537814133,7.71932611807556
Random Forest,Advanced,5,CEG,11.52428259699841,11.487046313657236,11.589586147628667
Random Forest,Advanced,5,CHRW,16.753221184280733,16.6338473484558,16.592113499840405
Random Forest,Advanced,5,CI,9.66285470529778,9.661517638911029,9.824296609897576
Random Forest,Advanced,5,CL,1.6914027141413637,1.7687998687408262,1.7836293980925277
Random Forest,Advanced,5,COO,2.563828781235723,2.4937616802545146,2.490687527095535
Random Forest,Advanced,5,COP,8.543290060722308,8.655465718611133,8.683527597401111
Random Forest,Advanced,5,COST,25.912563705461928,26.1778554344454,26.795123790393117
Random Forest,Advanced,5,CSCO,5.4177417146252544,5.520173516573646,5.507455754835915
Random Forest,Advanced,5,CSGP,1.8437648169550152,1.8336584231299302,1.8364135480473318
Random Forest,Advanced,5,CTAS,6.90668463944622,6.816165581041816,6.846008241817045
Random Forest,Advanced,5,CTSH,5.693986204165235,5.719134652224298,5.744017909369791
Random Forest,Advanced,5,CTVA,5.614708806364673,5.357553611627977,5.360856382928456
Random Forest,Advanced,5,CVS,3.9298280229908014,3.7556345421728654,3.6738656213992305
Random Forest,Advanced,5,CVX,10.459551831809911,10.567715418836677,10.619602670155782
Random Forest,Advanced,5,D,1.2657816897812686,1.2700271952981832,1.2850721008607404
Random Forest,Advanced,5,DASH,14.573457882372104,14.676308015360846,14.964526336890565
Random Forest,Advanced,5,DG,5.534339474729978,5.497534606236558,5.499662094682579
Random Forest,Advanced,5,DHR,10.04118705223825,10.100013197134878,10.346732134333879
Random Forest,Advanced,5,DIS,4.0589875188038365,3.9699290491594685,3.995752668738025
Random Forest,Advanced,5,DVA,24.99718953952333,24.294133296814145,24.017741672664787
Random Forest,Advanced,5,DVN,2.232247910686545,2.252606740704832,2.3180328704415105
Random Forest,Advanced,5,DXCM,5.235726256157302,5.342510452045564,5.3511776889424025
Random Forest,Advanced,5,EA,2.3978909550118215,2.7148411239937897,2.614344350699934
Random Forest,Advanced,5,ED,2.861439519623356,2.8969888976638485,3.045484387238412
Random Forest,Advanced,5,EOG,8.879628781450204,9.038611472607325,9.098635091251074
Random Forest,Advanced,5,EW,3.7590369378302224,3.8912471260305717,3.902016381407266
Random Forest,Advanced,5,EXE,3.2628427826175934,3.3071191269710636,3.2999454499900858
Random Forest,Advanced,5,FANG,11.035011723858961,11.17186463383996,11.227004525915838
Random Forest,Advanced,5,GEHC,3.598479943624003,3.6189046906019673,3.6224416699453466
Random Forest,Advanced,5,GILD,4.7888989832856215,4.76437380781138,4.786264228297615
Random Forest,Advanced,5,GIS,1.9742962485050397,1.9847242394691396,1.8844384749699936
Random Forest,Advanced,5,GOOGL,20.792103016315842,20.897754316833968,20.8152039211288
Random Forest,Advanced,5,GS,37.26241887036578,37.22726283221469,36.993820152567956
Random Forest,Advanced,5,HPE,5.168904881031558,5.1725082717493,5.131251762791998
Random Forest,Advanced,5,IFF,4.113419316879883,4.202656498608969,4.154349637647478
Random Forest,Advanced,5,IP,2.8300216655919344,2.8273530820182464,2.834372846336628
Random Forest,Advanced,5,IRM,4.834920177173359,4.8689654663732185,4.921792743848717
Random Forest,Advanced,5,JPM,10.74544209287825,11.349697568162311,11.754072833969499
Random Forest,Advanced,5,KIM,0.5649490258309726,0.5160311189298405,0.5273971465222558
Random Forest,Advanced,5,KO,3.4004335482184627,3.4043192689744424,3.4606266967155896
Random Forest,Advanced,5,LNT,1.4203655023600656,1.42927608618761,1.4294783760729535
Random Forest,Advanced,5,LYB,4.812443597219128,4.856225177043304,4.802673069690758
Random Forest,Advanced,5,MAA,2.4310366655078046,2.4451244655326048,2.4556481198274764
Random Forest,Advanced,5,META,35.95893015984363,35.720047798555285,35.73188385076193
Random Forest,Advanced,5,MLM,19.683806102955124,20.111781498545355,20.207972077002815
Random Forest,Advanced,5,MMM,7.828475849802223,8.138984515051263,8.1680211567208
Random Forest,Advanced,5,MOS,1.4512763499012973,1.4326451276060708,1.414321179202617
Random Forest,Advanced,5,NFLX,4.077722407686563,4.0887300532246655,4.101946055290261
Random Forest,Advanced,5,NKE,1.0854512427501148,1.0764292722197228,1.0894650363294724
Random Forest,Advanced,5,NOW,12.424872082140629,12.469748040990286,12.61903271071087
Random Forest,Advanced,5,OMC,3.6551020034831123,3.670578383890664,3.6896974795584017
Random Forest,Advanced,5,PEP,3.3982926419006807,3.4399305109025438,3.430659726528616
Random Forest,Advanced,5,PYPL,3.4150686883185446,3.426935478537251,3.4129693917935775
Random Forest,Advanced,5,RL,14.996829596298573,15.203450143058273,14.98230838538901
Random Forest,Advanced,5,SBUX,3.068535362914957,3.1098479654942253,2.9953472674180275
Random Forest,Advanced,5,STLD,15.352235257291774,15.456752477809202,15.44585992899073
Random Forest,Advanced,5,SW,3.1845840325998234,3.224785523822726,3.2220747212349337
Random Forest,Advanced,5,T,1.256235098321783,1.2575951195579222,1.2521127964960925
Random Forest,Advanced,5,TGT,7.851613380602639,7.871840414825253,7.855268392702632
Random Forest,Advanced,5,TPR,13.64792412227928,13.951443990586204,13.930472855439115
Random Forest,Advanced,5,TSLA,30.403413421077154,30.380566407547853,30.65496845178032
Random Forest,Advanced,5,TTWO,9.953934360144697,9.916170404389348,9.913174411658215
Random Forest,Advanced,5,V,15.326944624027297,15.113033324163574,15.622636481256388
Random Forest,Advanced,5,VMC,7.702954261061835,7.785413931200196,7.855365861658405
Random Forest,Advanced,5,VST,8.52367823796809,8.519173649883884,8.55952667372436
Random Forest,Advanced,5,VTR,4.608946264331267,4.542039909432027,4.575973851529573
Random Forest,Advanced,5,WBD,0.8092424381380658,0.8124593252283556,0.8023557583317865
Random Forest,Advanced,5,WDAY,20.289094060069278,20.348608478923275,20.502060602367557
Random Forest,Advanced,5,WDC,61.2354575435346,61.23232244948004,60.99920436636325
Random Forest,Advanced,5,WEC,3.0695406291514598,3.1356336535744913,3.2098562839056264
Random Forest,Advanced,5,WELL,9.330739356570536,9.314279111451775,9.232464501445103
Random Forest,Advanced,5,WFC,3.065051671187038,3.046750644626595,3.157312238404069
Random Forest,Advanced,5,WMB,2.8218688526112814,2.8839170247558275,2.954595553082189
Random Forest,Advanced,5,WMT,4.505984697778436,4.517335528516704,4.53211361550572
Random Forest,Advanced,5,WY,1.189967039265128,1.1036006011459858,1.1091763717707586
Random Forest,Advanced,5,XEL,1.6838373726026505,1.6126405871044285,1.6412815766171724
Random Forest,Advanced,5,XYL,4.42195292509711,4.434684024740712,4.402404719921798
Random Forest,Basic,1,AAPL,6.514010746514559,6.598447320414263,6.553378321861355
Random Forest,Basic,1,ABNB,6.671197399812065,6.735100059887979,6.726771957770937
Random Forest,Basic,1,ACN,6.580978337985521,6.657939352835172,6.686496291786719
Random Forest,Basic,1,ADBE,9.174721695799251,9.08883023523125,9.029177259760909
Random Forest,Basic,1,AEP,1.6183331916536312,1.6348322269030635,1.6558273688071115
Random Forest,Basic,1,AES,0.1334261616669883,0.133074628158323,0.1336621622994087
Random Forest,Basic,1,AFL,1.6695341125795828,1.747456193576462,1.7824055961860665
Random Forest,Basic,1,AIG,1.312041710006631,1.347541875359387,1.3431589331380651
Random Forest,Basic,1,AMZN,8.588445573172253,8.673283054018901,8.691964262207785
Random Forest,Basic,1,AOS,1.440672918890648,1.4357889312713699,1.4265438403980102
Random Forest,Basic,1,APA,1.463890124528287,1.4786275528891244,1.4772902645798989
Random Forest,Basic,1,APD,4.1583195509010595,4.535985805957819,4.5328054714131
Random Forest,Basic,1,APO,3.3360513878863056,3.433877300477598,3.446818085073643
Random Forest,Basic,1,AXP,5.2131843665141,5.314987324805452,5.41835685024645
Random Forest,Basic,1,BA,6.733703081666017,6.8920707900711475,6.962268478736464
Random Forest,Basic,1,BKNG,6.499404145112504,6.636287061737744,6.66606455922399
Random Forest,Basic,1,BKR,1.314651043650962,1.3840542128661162,1.4033448762494323
Random Forest,Basic,1,BR,4.2843875012351225,4.229174126282696,4.225266117147397
Random Forest,Basic,1,CARR,1.4579672547278009,1.4731935318754055,1.4618184166409218
Random Forest,Basic,1,CASY,16.76861369435383,17.210515579007296,17.288463975593466
Random Forest,Basic,1,CAT,21.9047757166862,22.029512684541675,22.194088612449843
Random Forest,Basic,1,CBRE,3.380638035221727,3.500816957754331,3.54458300984107
Random Forest,Basic,1,CEG,10.170296235631085,10.174030525705199,10.207799132296202
Random Forest,Basic,1,CHRW,6.81228714981821,6.787202250705824,6.791470573899137
Random Forest,Basic,1,CI,5.505761084207669,5.468092597996233,5.463299889899186
Random Forest,Basic,1,CL,1.3253471906123735,1.3704672371854218,1.3915869604988242
Random Forest,Basic,1,COO,1.1535361739091716,1.1391496019056608,1.1367798047229989
Random Forest,Basic,1,COP,2.747721122396074,2.881698007939138,2.873248827870178
Random Forest,Basic,1,COST,13.807726021660372,14.083159339357826,14.26148263857203
Random Forest,Basic,1,CSCO,2.634291777129534,2.666526870440917,2.6909145148330196
Random Forest,Basic,1,CSGP,1.0068531800441822,1.0160028480933379,1.0156888552342302
Random Forest,Basic,1,CTAS,4.070643150530639,4.114475738763542,4.143842100463662
Random Forest,Basic,1,CTSH,2.046757386369464,2.08860824382203,2.092757555772546
Random Forest,Basic,1,CTVA,2.2518735445706874,2.2441452166775857,2.2327902016222945
Random Forest,Basic,1,CVS,1.862279477646137,1.9077804637122873,1.9252266978799555
Random Forest,Basic,1,CVX,3.133283009465827,3.191288913922296,3.1676095915994225
Random Forest,Basic,1,D,0.6916426865630023,0.7438059230737237,0.7506375721202067
Random Forest,Basic,1,DASH,7.096643970933908,7.228168690359288,7.244012439718683
Random Forest,Basic,1,DG,2.7735713087701135,2.7460853005607384,2.739265207234569
Random Forest,Basic,1,DHR,5.856155115357521,5.794166846075816,5.745920869908917
Random Forest,Basic,1,DIS,1.9716667806804271,1.986732819395392,1.9752780499211242
Random Forest,Basic,1,DVA,7.549799321761146,7.435263996633913,7.449721504529272
Random Forest,Basic,1,DVN,1.2456946355576342,1.2617745121446675,1.2479549229706484
Random Forest,Basic,1,DXCM,2.6952815625232613,2.762303467082912,2.762562981047123
Random Forest,Basic,1,EA,1.7371571476174799,1.9671655274264714,2.1718213926206786
Random Forest,Basic,1,ED,1.3272906248517182,1.3605214656832796,1.3587151387767535
Random Forest,Basic,1,EOG,4.5778410491563735,4.708815957491249,4.7207459096163245
Random Forest,Basic,1,EW,1.1368185360649505,1.2471542813642236,1.257972923443628
Random Forest,Basic,1,EXE,1.9734379748709172,1.9941442711114457,2.0125949940593544
Random Forest,Basic,1,FANG,5.744308702068896,5.793013473812934,5.7739478543904506
Random Forest,Basic,1,GEHC,1.8895185346735988,1.899244170922062,1.8969027255308568
Random Forest,Basic,1,GILD,2.467741908015866,2.532371804489979,2.530814060574146
Random Forest,Basic,1,GIS,0.9950879910089161,0.9897629814731466,1.0000587317795717
Random Forest,Basic,1,GOOGL,9.113158398167787,9.10876694718962,9.145780126646692
Random Forest,Basic,1,GS,25.702570683921472,25.221009510881544,25.030748748336364
Random Forest,Basic,1,HPE,1.934293265569834,1.9289563039920985,1.9457807937875713
Random Forest,Basic,1,IFF,2.4821127629308037,2.5235326671577547,2.5314254684142807
Random Forest,Basic,1,IP,1.235901968173938,1.2311669489756396,1.21600877599927
Random Forest,Basic,1,IRM,3.451095252059177,3.536635649806777,3.5473980641045153
Random Forest,Basic,1,JPM,4.975853585712799,5.461176060699432,5.682393952918833
Random Forest,Basic,1,KIM,0.47186852296753784,0.5057074893132091,0.5058706183590682
Random Forest,Basic,1,KO,1.4786406612145382,1.5638197291830547,1.5831456760088123
Random Forest,Basic,1,LNT,1.0937694574554475,1.102469661759885,1.1044536533878793
Random Forest,Basic,1,LYB,1.5819911358276806,1.6149855735530108,1.600665973798774
Random Forest,Basic,1,MAA,1.7446678453277098,1.7123249342258926,1.7243389928796458
Random Forest,Basic,1,META,14.681838624755818,14.454050898746775,14.354763379061156
Random Forest,Basic,1,MLM,12.134946879656633,11.850357199180495,11.82189247623046
Random Forest,Basic,1,MMM,3.64198764590378,3.8307401458248176,3.9178204799942518
Random Forest,Basic,1,MOS,0.5568667980286429,0.552983581667497,0.557972067563043
Random Forest,Basic,1,NFLX,1.9953255939831989,1.988052885961144,1.9808444413790587
Random Forest,Basic,1,NKE,0.7982145623141408,0.7873748023650838,0.7717478199049996
Random Forest,Basic,1,NOW,5.964872682909607,6.001376997904903,5.998452522266252
Random Forest,Basic,1,OMC,2.337598464813178,2.333184647142079,2.3355894605687175
Random Forest,Basic,1,PEP,1.7880382139014723,1.8407254903707222,1.8607444950028074
Random Forest,Basic,1,PYPL,1.5978948089269713,1.600525842555493,1.5950298793844404
Random Forest,Basic,1,RL,7.572728477740947,7.8163691723324265,7.942075076403482
Random Forest,Basic,1,SBUX,1.6535502360618966,1.656679607600889,1.652776646838713
Random Forest,Basic,1,STLD,5.775497878183109,5.819942100959847,5.802856239495254
Random Forest,Basic,1,SW,1.6688914286648806,1.6791679122063852,1.6651214356972335
Random Forest,Basic,1,T,0.6655337481046676,0.6797507844081725,0.6806446048159842
Random Forest,Basic,1,TGT,3.1512846659094453,3.1978449845026145,3.20139581653181
Random Forest,Basic,1,TPR,5.396355906029334,5.548540226298086,5.568518997431795
Random Forest,Basic,1,TSLA,13.228057365505165,13.247484125905396,13.230216897823514
Random Forest,Basic,1,TTWO,5.715703728232551,5.644965163983811,5.626033528714685
Random Forest,Basic,1,V,6.650576944894324,6.780013307928865,6.771044547762288
Random Forest,Basic,1,VMC,5.263852603444804,5.429370121635997,5.451316794515042
Random Forest,Basic,1,VST,4.952428285462508,4.984111656309143,5.0418531482718105
Random Forest,Basic,1,VTR,2.345466106491208,2.435537549550091,2.438131296732493
Random Forest,Basic,1,WBD,0.3872386506607649,0.4005328610774189,0.4048711975252027
Random Forest,Basic,1,WDAY,9.006687168453892,9.046487136966968,9.072787592189702
Random Forest,Basic,1,WDC,29.566423754025614,29.35791488749926,29.388827305775376
Random Forest,Basic,1,WEC,1.4119055251943813,1.470876262266116,1.479223690186333
Random Forest,Basic,1,WELL,5.015184910575516,5.241983040925103,5.278807984565223
Random Forest,Basic,1,WFC,1.4376008659776045,1.4665259022943014,1.5352038769882514
Random Forest,Basic,1,WMB,1.3885847038175858,1.4338630753209205,1.4226278974975886
Random Forest,Basic,1,WMT,1.579097081917133,1.6013829912391968,1.604192098876016
Random Forest,Basic,1,WY,0.5142329599044375,0.49941594737621403,0.5003180659892017
Random Forest,Basic,1,XEL,0.8851736959459139,0.9585510110849057,0.9788973371272818
Random Forest,Basic,1,XYL,2.207331790683023,2.2104012908211006,2.216705242637878
Random Forest,Basic,3,AAPL,11.898353907669092,11.888884054173149,11.749958882289887
Random Forest,Basic,3,ABNB,14.739569085765071,14.76085982990961,14.80147137059018
Random Forest,Basic,3,ACN,12.000334027250279,12.055591512534805,11.909042590784004
Random Forest,Basic,3,ADBE,16.656325580235503,16.710830580394664,16.493406601127266
Random Forest,Basic,3,AEP,2.600725548201079,2.5911916784087095,2.646757553961451
Random Forest,Basic,3,AES,0.2587803903582504,0.25838728085011003,0.2720017458412021
Random Forest,Basic,3,AFL,3.3781362834401074,3.4212483994512892,3.367501272146541
Random Forest,Basic,3,AIG,2.7248302948109795,2.716706943998524,2.7254810515415984
Random Forest,Basic,3,AMZN,16.647089775674047,16.657514262690462,16.677826940816303
Random Forest,Basic,3,AOS,2.547432192245791,2.5360716204972276,2.5699606643219957
Random Forest,Basic,3,APA,3.0464393346540937,3.0427224213017694,3.0578346834554266
Random Forest,Basic,3,APD,6.6141002543665035,6.657839493613063,6.387556988903054
Random Forest,Basic,3,APO,6.297120857111933,6.41126269166755,6.333865798726583
Random Forest,Basic,3,AXP,8.396896784955992,8.44296443575251,8.215142573459248
Random Forest,Basic,3,BA,9.216236083462118,9.299808456716768,9.19013950818256
Random Forest,Basic,3,BKNG,11.7801767726386,11.781827363465016,11.587216681149595
Random Forest,Basic,3,BKR,3.051804476551242,3.07156604157742,3.0144706674926303
Random Forest,Basic,3,BR,7.45003462153873,7.405999613245667,7.306331512014961
Random Forest,Basic,3,CARR,2.8158630211825435,2.8196600459799375,2.709886205368843
Random Forest,Basic,3,CASY,32.011231187057184,32.415086439886636,32.20831435551661
Random Forest,Basic,3,CAT,37.451814753296276,37.6432126405824,38.96801617212737
Random Forest,Basic,3,CBRE,6.431997719352814,6.426140563706453,6.31611520662392
Random Forest,Basic,3,CEG,18.61711070694027,18.609197300204702,18.429523197564215
Random Forest,Basic,3,CHRW,12.28060436233212,12.358283102199517,12.373229315657465
Random Forest,Basic,3,CI,10.434025685762968,10.506520562168562,10.273238574071417
Random Forest,Basic,3,CL,1.8554131314891045,1.856598149717044,1.8097122467500644
Random Forest,Basic,3,COO,2.038794863461355,1.9878805969145796,1.9855189616507292
Random Forest,Basic,3,COP,7.200667313898215,7.2373161449935575,7.204266134493989
Random Forest,Basic,3,COST,27.164008704068692,27.044933356989436,25.984158375284075
Random Forest,Basic,3,CSCO,4.602802381295325,4.6186698394435926,4.680568424329768
Random Forest,Basic,3,CSGP,1.361634233372703,1.3499216840711192,1.3525955843609578
Random Forest,Basic,3,CTAS,7.237769559403913,7.154198034096873,6.9151184844805496
Random Forest,Basic,3,CTSH,4.047859211573206,4.038478160882796,3.9942642763287854
Random Forest,Basic,3,CTVA,4.297401307317857,4.200725880288099,4.201674278802019
Random Forest,Basic,3,CVS,3.0471210180458708,3.0300529097328184,3.036227357589017
Random Forest,Basic,3,CVX,8.510736197842009,8.537837230420173,8.570418856728407
Random Forest,Basic,3,D,0.989510716327512,0.9931665960773794,0.9831906264046353
Random Forest,Basic,3,DASH,12.018264624517785,12.001485518078994,11.661482340191137
Random Forest,Basic,3,DG,4.627812513156038,4.634765775336563,4.592130961882154
Random Forest,Basic,3,DHR,9.786248502742792,9.816843097751427,9.594063389870849
Random Forest,Basic,3,DIS,3.4616347169843347,3.4700750860619918,3.4657034601642462
Random Forest,Basic,3,DVA,16.25741008609885,16.114962884696848,16.165313743944242
Random Forest,Basic,3,DVN,2.2256262731866756,2.227805170139465,2.173187203520196
Random Forest,Basic,3,DXCM,4.9608192680165075,4.9928337390582485,4.97529139668116
Random Forest,Basic,3,EA,2.587292362827234,2.6394395080162663,2.4491360983212394
Random Forest,Basic,3,ED,1.665443183988643,1.6694872347523508,1.613362334853008
Random Forest,Basic,3,EOG,10.652165093619223,10.654380348132252,10.571440550310548
Random Forest,Basic,3,EW,2.7048377882570858,2.759688862942258,2.729085288767177
Random Forest,Basic,3,EXE,3.3479124816743653,3.375873557166311,3.3905873532392046
Random Forest,Basic,3,FANG,12.893877321910388,12.92007262728578,12.90905275068393
Random Forest,Basic,3,GEHC,3.017253851502697,3.019050639875648,3.006082403368606
Random Forest,Basic,3,GILD,4.000542656803996,3.9793607640143063,3.953948714176626
Random Forest,Basic,3,GIS,1.762366264355538,1.7778342615164697,1.908740805643241
Random Forest,Basic,3,GOOGL,16.51528958053482,16.51099772770365,16.52229348407196
Random Forest,Basic,3,GS,32.0596049155568,32.293708993716315,33.14414008096109
Random Forest,Basic,3,HPE,3.302331261541828,3.3182951658274753,3.391880572947445
Random Forest,Basic,3,IFF,3.7951342607172003,3.7938628552976836,3.86183475192402
Random Forest,Basic,3,IP,2.264882066087142,2.2610543748266494,2.2678947796530307
Random Forest,Basic,3,IRM,4.423794311675941,4.441642020735148,4.373633200033931
Random Forest,Basic,3,JPM,14.525068808810623,14.618324766706747,14.038779879378927
Random Forest,Basic,3,KIM,0.7014801865262865,0.6967904040576008,0.6806684953198731
Random Forest,Basic,3,KO,2.6404654563540593,2.6237275173367043,2.5110746569111817
Random Forest,Basic,3,LNT,1.3121432836808924,1.3026233178496034,1.2782287808909574
Random Forest,Basic,3,LYB,3.325463157282513,3.3306340189288046,3.3925442048569705
Random Forest,Basic,3,MAA,2.6201107519605973,2.587042997287664,2.5199610298259736
Random Forest,Basic,3,META,26.645753554654007,26.51175895074912,26.599038195405
Random Forest,Basic,3,MLM,22.35386800837869,22.785426399134657,22.71261621043754
Random Forest,Basic,3,MMM,6.719580236624668,6.681230938867655,6.583327985475682
Random Forest,Basic,3,MOS,1.306619463778034,1.3044503375000123,1.338153768458754
Random Forest,Basic,3,NFLX,3.6782722970569885,3.6895651994908363,3.6970739323850506
Random Forest,Basic,3,NKE,1.0265064309761622,1.0433288821841917,1.0653362664008243
Random Forest,Basic,3,NOW,12.369479717494858,12.367329343875799,12.149897842563014
Random Forest,Basic,3,OMC,3.956761998427777,3.947103089122328,3.939559934037355
Random Forest,Basic,3,PEP,2.8577527188318186,2.8233901292035375,2.7880445323696557
Random Forest,Basic,3,PYPL,3.057922126181968,3.059998834549731,3.0624351488490413
Random Forest,Basic,3,RL,10.96056730740285,11.014397398218097,11.012242259757747
Random Forest,Basic,3,SBUX,2.6449390215397104,2.664263669075376,2.7983433872419177
Random Forest,Basic,3,STLD,12.135747031291995,12.23122630968738,12.242929814533124
Random Forest,Basic,3,SW,2.7459284273210196,2.775764689987933,2.792084505926074
Random Forest,Basic,3,T,1.1564895364622896,1.1550714876636539,1.1601941635899156
Random Forest,Basic,3,TGT,5.401558835303335,5.417181049106763,5.4054461412485875
Random Forest,Basic,3,TPR,10.241051665465093,10.254912517860896,10.26343279813386
Random Forest,Basic,3,TSLA,23.478190168927863,23.45525260117231,23.285725654682796
Random Forest,Basic,3,TTWO,9.555342806173211,9.535793873364806,9.569874299717963
Random Forest,Basic,3,V,12.417276711375058,12.258140732296239,11.404748520822901
Random Forest,Basic,3,VMC,9.012971073329684,9.035560041189715,8.979229921294051
Random Forest,Basic,3,VST,9.559962591188143,9.56635102911361,9.51580491265222
Random Forest,Basic,3,VTR,4.082985033629567,4.0229119648014615,4.005023069385018
Random Forest,Basic,3,WBD,0.6665355271582056,0.658410641766404,0.6536213982737747
Random Forest,Basic,3,WDAY,14.910133566295693,14.935023952957657,14.855558287640838
Random Forest,Basic,3,WDC,57.19345469348296,57.22451622283405,57.54775107997217
Random Forest,Basic,3,WEC,2.4431465017257756,2.461345764019827,2.452704048072452
Random Forest,Basic,3,WELL,9.891805151506308,9.844977879325825,9.921020443161654
Random Forest,Basic,3,WFC,3.0857144245685086,3.081193247215237,2.926787529804487
Random Forest,Basic,3,WMB,2.524479981767473,2.5632243709450853,2.5050710012399215
Random Forest,Basic,3,WMT,3.931237364136278,3.945950961635092,3.91678372009778
Random Forest,Basic,3,WY,1.2991440922426398,1.286051769036483,1.2786358574516128
Random Forest,Basic,3,XEL,1.4859997176392874,1.4803000228824212,1.4771356584271624
Random Forest,Basic,3,XYL,4.096799718459284,4.098484305981196,4.169608467283206
Random Forest,Basic,5,AAPL,13.268328002077055,13.252722086699725,13.378974206755082
Random Forest,Basic,5,ABNB,18.732495850861973,18.63929836839076,18.58989681584372
Random Forest,Basic,5,ACN,14.586883903533046,14.606559149368698,14.627348280745618
Random Forest,Basic,5,ADBE,18.22014464940724,18.196816786530917,18.328499949849743
Random Forest,Basic,5,AEP,3.0547597498151227,3.0379181620016737,3.0795706751548675
Random Forest,Basic,5,AES,0.6391760970526876,0.6398398415161294,0.6357865015779468
Random Forest,Basic,5,AFL,3.054808787322007,3.068307294367858,3.0320457576166553
Random Forest,Basic,5,AIG,1.7424556525638517,1.7367185045239633,1.7410127073852324
Random Forest,Basic,5,AMZN,20.928736668402042,20.95062715589423,20.997408856172466
Random Forest,Basic,5,AOS,2.5332323969450514,2.4683110552305796,2.4550904235892994
Random Forest,Basic,5,APA,3.3779541174201895,3.3604015504543168,3.3568090906410246
Random Forest,Basic,5,APD,9.498293449798243,9.146159864201387,9.343499943844785
Random Forest,Basic,5,APO,7.130069828957378,7.205886691766813,7.270376635712233
Random Forest,Basic,5,AXP,9.58063102417641,9.777218131018971,9.639073801032195
Random Forest,Basic,5,BA,11.133740864949727,11.308425372207491,11.264871973022275
Random Forest,Basic,5,BKNG,13.371504330416109,13.351399872766953,13.420874884154912
Random Forest,Basic,5,BKR,2.7491757269252197,2.777638449712887,2.783801360692848
Random Forest,Basic,5,BR,9.970906776793193,9.624861984476798,9.674888272065603
Random Forest,Basic,5,CARR,3.2565411082224185,3.2745713087753163,3.298613052282688
Random Forest,Basic,5,CASY,38.48780594634021,38.65497777738737,38.83399824038497
Random Forest,Basic,5,CAT,38.0123219041297,38.35892549083204,38.35995228548905
Random Forest,Basic,5,CBRE,7.6613258099358745,7.7105858021675395,7.740118439810418
Random Forest,Basic,5,CEG,18.1301177942163,18.06170907581992,18.16574429601886
Random Forest,Basic,5,CHRW,15.314985999105172,15.292104389750229,15.258377792873656
Random Forest,Basic,5,CI,11.771937477004304,11.69669855199681,11.855162985947159
Random Forest,Basic,5,CL,2.024466627897424,2.076557377578917,2.105279708512313
Random Forest,Basic,5,COO,2.610188481974932,2.575546338790614,2.573240676895691
Random Forest,Basic,5,COP,9.12219551637436,9.085325940895638,9.10190284364014
Random Forest,Basic,5,COST,30.183726229964506,30.162166845024018,30.558083907895345
Random Forest,Basic,5,CSCO,6.219412402803766,6.303505054913665,6.278377172568815
Random Forest,Basic,5,CSGP,1.6138688475605736,1.607491420033973,1.6077360981808342
Random Forest,Basic,5,CTAS,7.266273852810388,7.211887565134928,7.283721063672446
Random Forest,Basic,5,CTSH,5.549148090960264,5.520024649681603,5.531972022383329
Random Forest,Basic,5,CTVA,5.649210989850133,5.516509648744343,5.533472118794726
Random Forest,Basic,5,CVS,3.6405114728427517,3.57297550172224,3.5079662384472106
Random Forest,Basic,5,CVX,9.889717176066037,9.810790823075529,9.863626124433079
Random Forest,Basic,5,D,1.142677656181175,1.1165768458941154,1.1212309582077098
Random Forest,Basic,5,DASH,16.386378832403985,16.290355420031283,16.456579436048578
Random Forest,Basic,5,DG,5.656584913961074,5.658751778151021,5.643459239306428
Random Forest,Basic,5,DHR,10.474088242323662,10.516304283108639,10.745160942730728
Random Forest,Basic,5,DIS,4.513738020084846,4.39204928944483,4.414696695811243
Random Forest,Basic,5,DVA,22.668960648446536,22.38406182568214,22.146312397360905
Random Forest,Basic,5,DVN,2.2521385852130034,2.2305483536605903,2.2752071951107222
Random Forest,Basic,5,DXCM,5.895975064640344,5.879402516135694,5.883568459606942
Random Forest,Basic,5,EA,1.935753787779394,2.019107532883548,1.8516721759009136
Random Forest,Basic,5,ED,1.7907755825126315,1.8135331253736073,1.874489475907533
Random Forest,Basic,5,EOG,8.48239528457979,8.42020362705424,8.452455028460257
Random Forest,Basic,5,EW,3.6265086118240473,3.6189454715299507,3.6170969270135696
Random Forest,Basic,5,EXE,4.0564252883003045,4.116685893100248,4.121828821998248
Random Forest,Basic,5,FANG,11.551842586832,11.531116806824881,11.57880261074527
Random Forest,Basic,5,GEHC,3.869920434808498,3.8852357803766275,3.8854847638482264
Random Forest,Basic,5,GILD,5.521043064436504,5.353140319923543,5.3641242223219745
Random Forest,Basic,5,GIS,2.658450290698059,2.6885446389583607,2.621439049122417
Random Forest,Basic,5,GOOGL,20.33154227072935,20.350623115071574,20.219334463843232
Random Forest,Basic,5,GS,34.626402898247264,34.749938220680775,34.8935568362307
Random Forest,Basic,5,HPE,4.275531878697339,4.2902590822606275,4.300862615026598
Random Forest,Basic,5,IFF,4.932417703740034,4.953218630009026,4.933975436923652
Random Forest,Basic,5,IP,2.9295896621462476,2.91882628412841,2.9193084874673807
Random Forest,Basic,5,IRM,5.156755999317206,5.131788328470672,5.193947069489341
Random Forest,Basic,5,JPM,11.27828941990997,11.608992715847851,11.828015831338282
Random Forest,Basic,5,KIM,0.5237009160409372,0.49203584633734065,0.49835292158462957
Random Forest,Basic,5,KO,3.32248475248015,3.2830130326783435,3.309856671699684
Random Forest,Basic,5,LNT,1.3313659067078532,1.3604062423412189,1.3533777974443593
Random Forest,Basic,5,LYB,3.6955737641890125,3.676319796703021,3.6561630105401526
Random Forest,Basic,5,MAA,2.6329228585295974,2.6542787968508463,2.661080904465282
Random Forest,Basic,5,META,34.12275373640659,34.055532262540254,34.07777549647762
Random Forest,Basic,5,MLM,17.044584782856735,17.333710851929727,17.383608028010205
Random Forest,Basic,5,MMM,7.985075885175458,8.083947574308556,8.09631108948394
Random Forest,Basic,5,MOS,1.6131209693956234,1.598102617218249,1.5871356886382664
Random Forest,Basic,5,NFLX,4.467437529355778,4.47842560519569,4.490396835736025
Random Forest,Basic,5,NKE,1.0971876660556243,1.0930096267760803,1.082804285874846
Random Forest,Basic,5,NOW,15.691324470987835,15.70644756743472,15.803108344794188
Random Forest,Basic,5,OMC,4.249053142257781,4.256090885795227,4.273951085789838
Random Forest,Basic,5,PEP,3.5186676984713228,3.542256360634749,3.5400188762712648
Random Forest,Basic,5,PYPL,3.473005454667965,3.47948464903984,3.472865328744947
Random Forest,Basic,5,RL,14.718048583021405,15.162877887485264,15.224606082557917
Random Forest,Basic,5,SBUX,3.3772995084818853,3.38875444609973,3.3353704354201303
Random Forest,Basic,5,STLD,16.28542567111395,16.441390555460767,16.43194414550886
Random Forest,Basic,5,SW,3.3280571384264737,3.308689697049245,3.3042571715540596
Random Forest,Basic,5,T,1.5206675592302359,1.513527448840512,1.5095953714076928
Random Forest,Basic,5,TGT,8.001614487943874,7.948318090942947,7.941137405516502
Random Forest,Basic,5,TPR,13.134149219929613,13.277647752388766,13.242425559553316
Random Forest,Basic,5,TSLA,30.682737048717726,30.661954777715614,30.824534120422353
Random Forest,Basic,5,TTWO,10.394758528229342,10.398460794987761,10.409476781768266
Random Forest,Basic,5,V,15.40625240243755,15.026612940232418,15.23277334596807
Random Forest,Basic,5,VMC,8.142934752990707,8.196254061113102,8.236087134053577
Random Forest,Basic,5,VST,8.687494539515402,8.673740733351874,8.717236328770834
Random Forest,Basic,5,VTR,4.009555480611045,3.8510035758773364,3.877053521923118
Random Forest,Basic,5,WBD,0.8428157951441774,0.8405440968687734,0.8299287377416725
Random Forest,Basic,5,WDAY,18.951689470737353,18.953444184346154,19.062402116816937
Random Forest,Basic,5,WDC,65.10158420444134,65.41544111049856,65.15175305146562
Random Forest,Basic,5,WEC,2.7755991734805043,2.779078573908214,2.837206232421368
Random Forest,Basic,5,WELL,8.976686918470056,8.77636742631358,8.750624026746895
Random Forest,Basic,5,WFC,2.433897672457848,2.43304580255441,2.4609447404530864
Random Forest,Basic,5,WMB,3.1246292130107873,3.1138519122962407,3.17131157001604
Random Forest,Basic,5,WMT,4.290418130563276,4.276651575961353,4.288067874094819
Random Forest,Basic,5,WY,1.0968395315135961,1.0579384059668815,1.0594879745033081
Random Forest,Basic,5,XEL,1.7321903924664752,1.681233122845115,1.7218041262192376
Random Forest,Basic,5,XYL,4.352010209499639,4.375543021503547,4.384987158405579
