Symbol,Rows,FirstDate,LastDate,MissingOpen,MissingHigh,MissingLow,MissingClose,MissingAdjustedClose,MissingVolume
SNDK,354,2025-02-13,2026-07-14,0,0,0,0,0,0
GEHC,895,2022-12-15,2026-07-14,0,0,0,0,0,0
CEG,1124,2022-01-19,2026-07-14,0,0,0,0,0,0
EXE,1361,2021-02-10,2026-07-14,0,0,0,0,0,0
ABNB,1402,2020-12-10,2026-07-14,0,0,0,0,0,0
DASH,1403,2020-12-09,2026-07-14,0,0,0,0,0,0
CARR,1587,2020-03-19,2026-07-14,0,0,0,0,0,0
CTVA,1793,2019-05-24,2026-07-14,0,0,0,0,0,0
VST,2455,2016-10-05,2026-07-14,0,0,0,0,0,0
LYB,2513,2016-07-14,2026-07-14,0,0,0,0,0,0
PYPL,2513,2016-07-14,2026-07-14,0,0,0,0,0,0
PEP,2513,2016-07-14,2026-07-14,0,0,0,0,0,0
OMC,2513,2016-07-14,2026-07-14,0,0,0,0,0,0
NOW,2513,2016-07-14,2026-07-14,0,0,0,0,0,0
NKE,2513,2016-07-14,2026-07-14,0,0,0,0,0,0
NFLX,2513,2016-07-14,2026-07-14,0,0,0,0,0,0
MOS,2513,2016-07-14,2026-07-14,0,0,0,0,0,0
MMM,2513,2016-07-14,2026-07-14,0,0,0,0,0,0
MLM,2513,2016-07-14,2026-07-14,0,0,0,0,0,0
META,2513,2016-07-14,2026-07-14,0,0,0,0,0,0
MAA,2513,2016-07-14,2026-07-14,0,0,0,0,0,0
RL,2513,2016-07-14,2026-07-14,0,0,0,0,0,0
LNT,2513,2016-07-14,2026-07-14,0,0,0,0,0,0
KO,2513,2016-07-14,2026-07-14,0,0,0,0,0,0
KIM,2513,2016-07-14,2026-07-14,0,0,0,0,0,0
JPM,2513,2016-07-14,2026-07-14,0,0,0,0,0,0
IRM,2513,2016-07-14,2026-07-14,0,0,0,0,0,0
IP,2513,2016-07-14,2026-07-14,0,0,0,0,0,0
IFF,2513,2016-07-14,2026-07-14,0,0,0,0,0,0
HPE,2513,2016-07-14,2026-07-14,0,0,0,0,0,0
GS,2513,2016-07-14,2026-07-14,0,0,0,0,0,0
GOOGL,2513,2016-07-14,2026-07-14,0,0,0,0,0,0
AMZN,2513,2016-07-14,2026-07-14,0,0,0,0,0,0
XYL,2513,2016-07-14,2026-07-14,0,0,0,0,0,0
XEL,2513,2016-07-14,2026-07-14,0,0,0,0,0,0
WMT,2513,2016-07-14,2026-07-14,0,0,0,0,0,0
WMB,2513,2016-07-14,2026-07-14,0,0,0,0,0,0
WFC,2513,2016-07-14,2026-07-14,0,0,0,0,0,0
WELL,2513,2016-07-14,2026-07-14,0,0,0,0,0,0
WEC,2513,2016-07-14,2026-07-14,0,0,0,0,0,0
WDC,2513,2016-07-14,2026-07-14,0,0,0,0,0,0
WDAY,2513,2016-07-14,2026-07-14,0,0,0,0,0,0
WBD,2513,2016-07-14,2026-07-14,0,0,0,0,0,0
VTR,2513,2016-07-14,2026-07-14,0,0,0,0,0,0
GIS,2513,2016-07-14,2026-07-14,0,0,0,0,0,0
VMC,2513,2016-07-14,2026-07-14,0,0,0,0,0,0
V,2513,2016-07-14,2026-07-14,0,0,0,0,0,0
TTWO,2513,2016-07-14,2026-07-14,0,0,0,0,0,0
TSLA,2513,2016-07-14,2026-07-14,0,0,0,0,0,0
TPR,2513,2016-07-14,2026-07-14,0,0,0,0,0,0
TGT,2513,2016-07-14,2026-07-14,0,0,0,0,0,0
T,2513,2016-07-14,2026-07-14,0,0,0,0,0,0
SW,2513,2016-07-14,2026-07-14,0,0,0,0,0,0
STLD,2513,2016-07-14,2026-07-14,0,0,0,0,0,0
SBUX,2513,2016-07-14,2026-07-14,0,0,0,0,0,0
APO,2513,2016-07-14,2026-07-14,0,0,0,0,0,0
CL,2513,2016-07-14,2026-07-14,0,0,0,0,0,0
CI,2513,2016-07-14,2026-07-14,0,0,0,0,0,0
CHRW,2513,2016-07-14,2026-07-14,0,0,0,0,0,0
CBRE,2513,2016-07-14,2026-07-14,0,0,0,0,0,0
CAT,2513,2016-07-14,2026-07-14,0,0,0,0,0,0
CASY,2513,2016-07-14,2026-07-14,0,0,0,0,0,0
BR,2513,2016-07-14,2026-07-14,0,0,0,0,0,0
WY,2513,2016-07-14,2026-07-14,0,0,0,0,0,0
BKNG,2513,2016-07-14,2026-07-14,0,0,0,0,0,0
BA,2513,2016-07-14,2026-07-14,0,0,0,0,0,0
AXP,2513,2016-07-14,2026-07-14,0,0,0,0,0,0
COO,2513,2016-07-14,2026-07-14,0,0,0,0,0,0
APD,2513,2016-07-14,2026-07-14,0,0,0,0,0,0
APA,2513,2016-07-14,2026-07-14,0,0,0,0,0,0
AOS,2513,2016-07-14,2026-07-14,0,0,0,0,0,0
BKR,2513,2016-07-14,2026-07-14,0,0,0,0,0,0
AIG,2513,2016-07-14,2026-07-14,0,0,0,0,0,0
AFL,2513,2016-07-14,2026-07-14,0,0,0,0,0,0
AES,2513,2016-07-14,2026-07-14,0,0,0,0,0,0
AEP,2513,2016-07-14,2026-07-14,0,0,0,0,0,0
ADBE,2513,2016-07-14,2026-07-14,0,0,0,0,0,0
ACN,2513,2016-07-14,2026-07-14,0,0,0,0,0,0
DHR,2513,2016-07-14,2026-07-14,0,0,0,0,0,0
GILD,2513,2016-07-14,2026-07-14,0,0,0,0,0,0
FANG,2513,2016-07-14,2026-07-14,0,0,0,0,0,0
EW,2513,2016-07-14,2026-07-14,0,0,0,0,0,0
EOG,2513,2016-07-14,2026-07-14,0,0,0,0,0,0
ED,2513,2016-07-14,2026-07-14,0,0,0,0,0,0
DXCM,2513,2016-07-14,2026-07-14,0,0,0,0,0,0
DVN,2513,2016-07-14,2026-07-14,0,0,0,0,0,0
DVA,2513,2016-07-14,2026-07-14,0,0,0,0,0,0
DIS,2513,2016-07-14,2026-07-14,0,0,0,0,0,0
AAPL,2513,2016-07-14,2026-07-14,0,0,0,0,0,0
DG,2513,2016-07-14,2026-07-14,0,0,0,0,0,0
D,2513,2016-07-14,2026-07-14,0,0,0,0,0,0
CVX,2513,2016-07-14,2026-07-14,0,0,0,0,0,0
CVS,2513,2016-07-14,2026-07-14,0,0,0,0,0,0
CTSH,2513,2016-07-14,2026-07-14,0,0,0,0,0,0
CTAS,2513,2016-07-14,2026-07-14,0,0,0,0,0,0
CSGP,2513,2016-07-14,2026-07-14,0,0,0,0,0,0
CSCO,2513,2016-07-14,2026-07-14,0,0,0,0,0,0
COST,2513,2016-07-14,2026-07-14,0,0,0,0,0,0
COP,2513,2016-07-14,2026-07-14,0,0,0,0,0,0
EA,2514,2016-07-14,2026-07-14,0,0,0,0,0,0
