timestamp,company,question_file,output_file,status,question_count,answer_count,input_tokens,output_tokens,thinking_tokens,total_tokens,api_attempts_for_company,generation_attempt_number,duration_seconds,error
2026-07-20T22:21:40,3M,questions\3M.txt,answers_gemini\2026-07-20\3M_answers_gemini.txt,complete,30,30,3084,5229,2108,10421,1,1,30.55,
2026-07-20T22:22:07,A. O. Smith,questions\A. O. Smith.txt,answers_gemini\2026-07-20\A. O. Smith_answers_gemini.txt,complete,30,30,1660,4985,117,6762,1,2,19.14,
2026-07-20T22:22:43,Accenture,questions\Accenture.txt,answers_gemini\2026-07-20\Accenture_answers_gemini.txt,complete,30,30,1603,5429,1350,8382,1,3,28.68,
2026-07-20T22:24:25,Adobe Inc,questions\Adobe Inc.txt,answers_gemini\2026-07-20\Adobe Inc_answers_gemini.txt,complete,30,30,1661,5167,409,7237,2,5,93.19,
2026-07-20T22:24:57,AES Corporation,questions\AES Corporation.txt,answers_gemini\2026-07-20\AES Corporation_answers_gemini.txt,complete,30,30,1425,5128,95,6648,1,6,24.01,
2026-07-20T22:26:09,3M,questions\3M.txt,answers_gemini\2026-07-20\3M_answers_gemini.txt,skipped_complete,30,30,0,0,0,0,0,0,0,
2026-07-20T22:26:09,A. O. Smith,questions\A. O. Smith.txt,answers_gemini\2026-07-20\A. O. Smith_answers_gemini.txt,skipped_complete,30,30,0,0,0,0,0,0,0,
2026-07-20T22:26:09,Accenture,questions\Accenture.txt,answers_gemini\2026-07-20\Accenture_answers_gemini.txt,skipped_complete,30,30,0,0,0,0,0,0,0,
2026-07-20T22:26:09,Adobe Inc,questions\Adobe Inc.txt,answers_gemini\2026-07-20\Adobe Inc_answers_gemini.txt,skipped_complete,30,30,0,0,0,0,0,0,0,
2026-07-20T22:26:09,AES Corporation,questions\AES Corporation.txt,answers_gemini\2026-07-20\AES Corporation_answers_gemini.txt,skipped_complete,30,30,0,0,0,0,0,0,0,
2026-07-20T22:26:31,Aflac,questions\Aflac.txt,answers_gemini\2026-07-20\Aflac_answers_gemini.txt,complete,30,30,1821,5013,915,7749,1,1,21.7,
2026-07-20T22:27:12,Air Products,questions\Air Products.txt,answers_gemini\2026-07-20\Air Products_answers_gemini.txt,complete,30,30,1569,5106,540,7215,1,2,33.2,
2026-07-20T22:27:42,Airbnb,questions\Airbnb.txt,answers_gemini\2026-07-20\Airbnb_answers_gemini.txt,complete,30,30,1751,5032,803,7586,1,3,21.18,
2026-07-20T22:28:08,Alliant Energy,questions\Alliant Energy.txt,answers_gemini\2026-07-20\Alliant Energy_answers_gemini.txt,complete,30,30,1493,5011,133,6637,1,4,18.42,
2026-07-20T22:28:39,Alphabet Inc. (Class A),questions\Alphabet Inc. (Class A).txt,answers_gemini\2026-07-20\Alphabet Inc. (Class A)_answers_gemini.txt,complete,30,30,1952,5104,919,7975,1,5,22.72,
2026-07-20T22:29:14,Amazon,questions\Amazon.txt,answers_gemini\2026-07-20\Amazon_answers_gemini.txt,complete,30,30,1785,5574,1349,8708,1,6,27.32,
2026-07-20T22:29:48,American Electric Power,questions\American Electric Power.txt,answers_gemini\2026-07-20\American Electric Power_answers_gemini.txt,complete,30,30,3329,4804,2382,10515,1,7,26.3,
2026-07-20T22:30:15,American Express,questions\American Express.txt,answers_gemini\2026-07-20\American Express_answers_gemini.txt,complete,30,30,1601,5115,111,6827,1,8,19.15,
2026-07-20T22:30:43,American International Group,questions\American International Group.txt,answers_gemini\2026-07-20\American International Group_answers_gemini.txt,complete,30,30,1591,5271,409,7271,1,9,19.83,
2026-07-20T22:31:14,APA Corporation,questions\APA Corporation.txt,answers_gemini\2026-07-20\APA Corporation_answers_gemini.txt,complete,30,30,1829,5148,1024,8001,1,10,22.52,
2026-07-20T22:31:47,Apollo Global Management,questions\Apollo Global Management.txt,answers_gemini\2026-07-20\Apollo Global Management_answers_gemini.txt,complete,30,30,1792,5585,1151,8528,1,11,25.28,
2026-07-20T22:32:19,Apple Inc,questions\Apple Inc.txt,answers_gemini\2026-07-20\Apple Inc_answers_gemini.txt,complete,30,30,1794,5120,1325,8239,1,12,24.04,
2026-07-20T22:32:48,AT&T,questions\AT&T.txt,answers_gemini\2026-07-20\AT&T_answers_gemini.txt,complete,30,30,1587,5325,378,7290,1,13,21.07,
2026-07-20T22:33:19,Baker Hughes,questions\Baker Hughes.txt,answers_gemini\2026-07-20\Baker Hughes_answers_gemini.txt,complete,30,30,1775,4994,697,7466,1,14,22.73,
2026-07-20T22:33:52,Boeing,questions\Boeing.txt,answers_gemini\2026-07-20\Boeing_answers_gemini.txt,complete,30,30,1775,5348,889,8012,1,15,24.56,
2026-07-20T22:34:25,Booking Holdings,questions\Booking Holdings.txt,answers_gemini\2026-07-20\Booking Holdings_answers_gemini.txt,complete,30,30,3180,5173,1811,10164,1,16,25.79,
2026-07-20T22:34:55,Broadridge Financial Solutions,questions\Broadridge Financial Solutions.txt,answers_gemini\2026-07-20\Broadridge Financial Solutions_answers_gemini.txt,complete,30,30,1804,5235,636,7675,1,17,21.3,
2026-07-20T22:35:22,C.H. Robinson,questions\C.H. Robinson.txt,answers_gemini\2026-07-20\C.H. Robinson_answers_gemini.txt,complete,30,30,1711,5074,459,7244,1,18,19.33,
2026-07-20T22:35:55,Carrier Global,questions\Carrier Global.txt,answers_gemini\2026-07-20\Carrier Global_answers_gemini.txt,complete,30,30,1781,5415,1204,8400,1,19,24.73,
2026-07-20T22:36:26,Casey's,questions\Casey's.txt,answers_gemini\2026-07-20\Casey's_answers_gemini.txt,complete,30,30,1647,5233,958,7838,1,20,23.77,
2026-07-20T22:36:57,Caterpillar Inc,questions\Caterpillar Inc.txt,answers_gemini\2026-07-20\Caterpillar Inc_answers_gemini.txt,complete,30,30,3470,4411,2192,10073,1,21,22.93,
2026-07-20T22:37:28,CBRE Group,questions\CBRE Group.txt,answers_gemini\2026-07-20\CBRE Group_answers_gemini.txt,complete,30,30,1772,5220,775,7767,1,22,22.41,
2026-07-20T22:37:56,Chevron Corporation,questions\Chevron Corporation.txt,answers_gemini\2026-07-20\Chevron Corporation_answers_gemini.txt,complete,30,30,1700,5292,630,7622,1,23,19.83,
2026-07-20T22:38:27,Cigna,questions\Cigna.txt,answers_gemini\2026-07-20\Cigna_answers_gemini.txt,complete,30,30,1695,5219,1066,7980,1,24,23.56,
2026-07-20T22:38:59,Cintas,questions\Cintas.txt,answers_gemini\2026-07-20\Cintas_answers_gemini.txt,complete,30,30,1733,5123,1996,8852,1,25,23.94,
2026-07-20T22:40:07,Cisco,questions\Cisco.txt,answers_gemini\2026-07-20\Cisco_answers_gemini.txt,complete,30,30,1552,5130,96,6778,2,27,60.09,
2026-07-20T22:40:32,Coca-Cola Company (The),questions\Coca-Cola Company (The).txt,answers_gemini\2026-07-20\Coca-Cola Company (The)_answers_gemini.txt,complete,30,30,1733,4988,102,6823,1,28,17.08,
2026-07-20T22:41:03,Cognizant,questions\Cognizant.txt,answers_gemini\2026-07-20\Cognizant_answers_gemini.txt,complete,30,30,1928,5213,796,7937,1,29,22.69,
2026-07-20T22:41:33,Colgate-Palmolive,questions\Colgate-Palmolive.txt,answers_gemini\2026-07-20\Colgate-Palmolive_answers_gemini.txt,complete,30,30,1754,5356,847,7957,1,30,22.48,
2026-07-20T22:42:04,ConocoPhillips,questions\ConocoPhillips.txt,answers_gemini\2026-07-20\ConocoPhillips_answers_gemini.txt,complete,30,30,1747,5186,809,7742,1,31,22.78,
2026-07-20T22:42:33,Consolidated Edison,questions\Consolidated Edison.txt,answers_gemini\2026-07-20\Consolidated Edison_answers_gemini.txt,complete,30,30,1575,5101,561,7237,1,32,20.67,
2026-07-20T22:43:01,Constellation Energy,questions\Constellation Energy.txt,answers_gemini\2026-07-20\Constellation Energy_answers_gemini.txt,complete,30,30,1586,5117,98,6801,1,33,20.06,
2026-07-20T22:43:31,Cooper Companies (The),questions\Cooper Companies (The).txt,answers_gemini\2026-07-20\Cooper Companies (The)_answers_gemini.txt,complete,30,30,1659,5097,380,7136,1,34,21.8,
2026-07-20T22:44:00,Corteva,questions\Corteva.txt,answers_gemini\2026-07-20\Corteva_answers_gemini.txt,complete,30,30,1631,4905,756,7292,1,35,20.87,
2026-07-20T22:44:29,CoStar Group,questions\CoStar Group.txt,answers_gemini\2026-07-20\CoStar Group_answers_gemini.txt,complete,30,30,1766,4924,783,7473,1,36,21.78,
2026-07-20T22:44:59,Costco,questions\Costco.txt,answers_gemini\2026-07-20\Costco_answers_gemini.txt,complete,30,30,1697,4714,867,7278,1,37,21.41,
2026-07-20T22:45:34,CVS Health,questions\CVS Health.txt,answers_gemini\2026-07-20\CVS Health_answers_gemini.txt,complete,30,30,2870,5015,2087,9972,1,38,27.03,
2026-07-20T22:46:04,Danaher Corporation,questions\Danaher Corporation.txt,answers_gemini\2026-07-20\Danaher Corporation_answers_gemini.txt,complete,30,30,1776,5121,852,7749,1,39,22.28,
2026-07-20T22:46:32,DaVita,questions\DaVita.txt,answers_gemini\2026-07-20\DaVita_answers_gemini.txt,complete,30,30,1767,5219,309,7295,1,40,19.66,
2026-07-20T22:47:03,Devon Energy,questions\Devon Energy.txt,answers_gemini\2026-07-20\Devon Energy_answers_gemini.txt,complete,30,30,1754,5289,1049,8092,1,41,22.92,
2026-07-20T22:47:34,Dexcom,questions\Dexcom.txt,answers_gemini\2026-07-20\Dexcom_answers_gemini.txt,complete,30,30,1772,5009,658,7439,1,42,22.75,
2026-07-20T22:48:01,Diamondback Energy,questions\Diamondback Energy.txt,answers_gemini\2026-07-20\Diamondback Energy_answers_gemini.txt,complete,30,30,1743,4993,786,7522,1,43,19.84,
2026-07-20T22:48:30,Dollar General,questions\Dollar General.txt,answers_gemini\2026-07-20\Dollar General_answers_gemini.txt,complete,30,30,1758,5013,534,7305,1,44,20.34,
2026-07-20T22:48:58,Dominion Energy,questions\Dominion Energy.txt,answers_gemini\2026-07-20\Dominion Energy_answers_gemini.txt,complete,30,30,1619,4988,863,7470,1,45,19.85,
2026-07-20T22:49:23,DoorDash,questions\DoorDash.txt,answers_gemini\2026-07-20\DoorDash_answers_gemini.txt,complete,30,30,1474,4972,102,6548,1,46,17.74,
2026-07-20T22:49:50,Edwards Lifesciences,questions\Edwards Lifesciences.txt,answers_gemini\2026-07-20\Edwards Lifesciences_answers_gemini.txt,complete,30,30,1696,5252,110,7058,1,47,18.38,
2026-07-20T22:50:19,Electronic Arts,questions\Electronic Arts.txt,answers_gemini\2026-07-20\Electronic Arts_answers_gemini.txt,complete,30,30,1623,5007,976,7606,1,48,21.35,
2026-07-20T22:50:47,EOG Resources,questions\EOG Resources.txt,answers_gemini\2026-07-20\EOG Resources_answers_gemini.txt,complete,30,30,2025,5258,812,8095,1,49,20.28,
2026-07-20T22:51:15,Expand Energy,questions\Expand Energy.txt,answers_gemini\2026-07-20\Expand Energy_answers_gemini.txt,complete,30,30,1815,4952,918,7685,1,50,19.77,
2026-07-20T22:51:43,GE HealthCare,questions\GE HealthCare.txt,answers_gemini\2026-07-20\GE HealthCare_answers_gemini.txt,complete,30,30,1785,5207,355,7347,1,51,19.92,
2026-07-20T22:52:13,General Mills,questions\General Mills.txt,answers_gemini\2026-07-20\General Mills_answers_gemini.txt,complete,30,30,1693,5013,1370,8076,1,52,21.64,
2026-07-20T22:52:41,Gilead Sciences,questions\Gilead Sciences.txt,answers_gemini\2026-07-20\Gilead Sciences_answers_gemini.txt,complete,30,30,1719,4995,864,7578,1,53,20.01,
2026-07-20T22:53:10,Goldman Sachs,questions\Goldman Sachs.txt,answers_gemini\2026-07-20\Goldman Sachs_answers_gemini.txt,complete,30,30,1552,5100,913,7565,1,54,21.29,
2026-07-20T22:53:47,Hewlett Packard Enterprise,questions\Hewlett Packard Enterprise.txt,answers_gemini\2026-07-20\Hewlett Packard Enterprise_answers_gemini.txt,complete,30,30,1689,5301,846,7836,1,55,29.51,
2026-07-20T22:54:13,International Flavors & Fragrances,questions\International Flavors & Fragrances.txt,answers_gemini\2026-07-20\International Flavors & Fragrances_answers_gemini.txt,complete,30,30,1509,5214,98,6821,1,56,17.51,
2026-07-20T22:54:43,International Paper,questions\International Paper.txt,answers_gemini\2026-07-20\International Paper_answers_gemini.txt,complete,30,30,2637,5021,1359,9017,1,57,22.3,
2026-07-20T22:55:13,Iron Mountain,questions\Iron Mountain.txt,answers_gemini\2026-07-20\Iron Mountain_answers_gemini.txt,complete,30,30,2050,5148,1297,8495,1,58,21.37,
2026-07-20T22:55:42,JPMorgan Chase,questions\JPMorgan Chase.txt,answers_gemini\2026-07-20\JPMorgan Chase_answers_gemini.txt,complete,30,30,1838,5089,713,7640,1,59,21.8,
2026-07-20T22:56:13,Kimco Realty,questions\Kimco Realty.txt,answers_gemini\2026-07-20\Kimco Realty_answers_gemini.txt,complete,30,30,1577,5202,1048,7827,1,60,22.31,
2026-07-20T22:56:41,LyondellBasell,questions\LyondellBasell.txt,answers_gemini\2026-07-20\LyondellBasell_answers_gemini.txt,complete,30,30,1828,4897,757,7482,1,61,20.47,
2026-07-20T22:57:15,Martin Marietta Materials,questions\Martin Marietta Materials.txt,answers_gemini\2026-07-20\Martin Marietta Materials_answers_gemini.txt,complete,30,30,1709,5160,1151,8020,1,62,25.68,
2026-07-20T22:57:43,Meta Platforms,questions\Meta Platforms.txt,answers_gemini\2026-07-20\Meta Platforms_answers_gemini.txt,complete,30,30,1726,5396,441,7563,1,63,20.26,
2026-07-20T22:58:12,Mid-America Apartment Communities,questions\Mid-America Apartment Communities.txt,answers_gemini\2026-07-20\Mid-America Apartment Communities_answers_gemini.txt,complete,30,30,1694,4683,998,7375,1,64,20.58,
2026-07-20T22:58:43,Mosaic Company (The),questions\Mosaic Company (The).txt,answers_gemini\2026-07-20\Mosaic Company (The)_answers_gemini.txt,complete,30,30,1826,5111,1019,7956,1,65,23.41,
2026-07-20T22:59:19,Netflix,questions\Netflix.txt,answers_gemini\2026-07-20\Netflix_answers_gemini.txt,complete,30,30,2934,5169,2401,10504,1,66,27.33,
2026-07-20T22:59:52,"Nike, Inc","questions\Nike, Inc.txt","answers_gemini\2026-07-20\Nike, Inc_answers_gemini.txt",complete,30,30,1725,5018,1047,7790,1,67,25.28,
2026-07-20T23:00:23,Omnicom Group,questions\Omnicom Group.txt,answers_gemini\2026-07-20\Omnicom Group_answers_gemini.txt,complete,30,30,1863,5227,1023,8113,1,68,23.63,
2026-07-20T23:00:53,PayPal,questions\PayPal.txt,answers_gemini\2026-07-20\PayPal_answers_gemini.txt,complete,30,30,1740,5349,1172,8261,1,69,21.8,
2026-07-20T23:01:28,PepsiCo,questions\PepsiCo.txt,answers_gemini\2026-07-20\PepsiCo_answers_gemini.txt,complete,30,30,1692,5336,107,7135,1,70,27.03,
2026-07-20T23:01:59,Ralph Lauren Corporation,questions\Ralph Lauren Corporation.txt,answers_gemini\2026-07-20\Ralph Lauren Corporation_answers_gemini.txt,complete,30,30,1869,5293,766,7928,1,71,22.72,
2026-07-20T23:02:28,Sandisk,questions\Sandisk.txt,answers_gemini\2026-07-20\Sandisk_answers_gemini.txt,complete,30,30,1753,4819,1215,7787,1,72,20.78,
2026-07-20T23:02:53,ServiceNow,questions\ServiceNow.txt,answers_gemini\2026-07-20\ServiceNow_answers_gemini.txt,complete,30,30,1621,5252,112,6985,1,73,16.88,
2026-07-20T23:03:21,Smurfit Westrock,questions\Smurfit Westrock.txt,answers_gemini\2026-07-20\Smurfit Westrock_answers_gemini.txt,complete,30,30,1769,4833,892,7494,1,74,20.67,
2026-07-20T23:03:51,Starbucks,questions\Starbucks.txt,answers_gemini\2026-07-20\Starbucks_answers_gemini.txt,complete,30,30,1677,5113,671,7461,1,75,21.99,
2026-07-20T23:04:17,Steel Dynamics,questions\Steel Dynamics.txt,answers_gemini\2026-07-20\Steel Dynamics_answers_gemini.txt,complete,30,30,1671,5293,123,7087,1,76,17.6,
2026-07-20T23:04:41,Take-Two Interactive,questions\Take-Two Interactive.txt,answers_gemini\2026-07-20\Take-Two Interactive_answers_gemini.txt,complete,30,30,1537,5019,96,6652,1,77,16.58,
2026-07-20T23:05:14,"Tapestry, Inc","questions\Tapestry, Inc.txt","answers_gemini\2026-07-20\Tapestry, Inc_answers_gemini.txt",complete,30,30,1538,5002,99,6639,1,78,24.15,
2026-07-20T23:05:43,Target Corporation,questions\Target Corporation.txt,answers_gemini\2026-07-20\Target Corporation_answers_gemini.txt,complete,30,30,1775,5198,892,7865,1,79,21.05,
2026-07-20T23:06:14,"Tesla, Inc","questions\Tesla, Inc.txt","answers_gemini\2026-07-20\Tesla, Inc_answers_gemini.txt",complete,30,30,1957,5234,972,8163,1,80,23.25,
2026-07-20T23:06:41,Ventas,questions\Ventas.txt,answers_gemini\2026-07-20\Ventas_answers_gemini.txt,complete,30,30,1830,4453,1017,7300,1,81,19.03,
2026-07-20T23:07:08,Visa Inc,questions\Visa Inc.txt,answers_gemini\2026-07-20\Visa Inc_answers_gemini.txt,complete,30,30,1768,5371,110,7249,1,82,19.33,
2026-07-20T23:07:41,Vistra Corp,questions\Vistra Corp.txt,answers_gemini\2026-07-20\Vistra Corp_answers_gemini.txt,complete,30,30,1556,5304,320,7180,1,83,24.87,
2026-07-20T23:08:52,Vulcan Materials Company,questions\Vulcan Materials Company.txt,answers_gemini\2026-07-20\Vulcan Materials Company_answers_gemini.txt,complete,30,30,1843,4981,1242,8066,2,85,62.44,
2026-07-20T23:09:22,Walmart,questions\Walmart.txt,answers_gemini\2026-07-20\Walmart_answers_gemini.txt,complete,30,30,1750,5177,855,7782,1,86,21.9,
2026-07-20T23:09:51,Walt Disney Company (The),questions\Walt Disney Company (The).txt,answers_gemini\2026-07-20\Walt Disney Company (The)_answers_gemini.txt,complete,30,30,1646,5033,808,7487,1,87,21.54,
2026-07-20T23:10:16,Warner Bros. Discovery,questions\Warner Bros. Discovery.txt,answers_gemini\2026-07-20\Warner Bros. Discovery_answers_gemini.txt,complete,30,30,1571,4874,107,6552,1,88,16.73,
2026-07-20T23:10:41,WEC Energy Group,questions\WEC Energy Group.txt,answers_gemini\2026-07-20\WEC Energy Group_answers_gemini.txt,complete,30,30,1508,4800,105,6413,1,89,17.39,
2026-07-20T23:11:12,Wells Fargo,questions\Wells Fargo.txt,answers_gemini\2026-07-20\Wells Fargo_answers_gemini.txt,complete,30,30,1698,5416,842,7956,1,90,22.81,
2026-07-20T23:11:41,Welltower,questions\Welltower.txt,answers_gemini\2026-07-20\Welltower_answers_gemini.txt,complete,30,30,1721,5122,669,7512,1,91,20.99,
2026-07-20T23:12:46,Western Digital,questions\Western Digital.txt,answers_gemini\2026-07-20\Western Digital_answers_gemini.txt,complete,30,30,1634,5106,143,6883,2,93,56.92,
2026-07-20T23:13:16,Weyerhaeuser,questions\Weyerhaeuser.txt,answers_gemini\2026-07-20\Weyerhaeuser_answers_gemini.txt,complete,30,30,1765,5089,1019,7873,1,94,22.42,
2026-07-20T23:13:50,Williams Companies,questions\Williams Companies.txt,answers_gemini\2026-07-20\Williams Companies_answers_gemini.txt,complete,30,30,1562,4978,1031,7571,1,95,25.47,
2026-07-20T23:14:18,"Workday, Inc","questions\Workday, Inc.txt","answers_gemini\2026-07-20\Workday, Inc_answers_gemini.txt",complete,30,30,1717,5224,469,7410,1,96,20.26,
2026-07-20T23:14:48,Xcel Energy,questions\Xcel Energy.txt,answers_gemini\2026-07-20\Xcel Energy_answers_gemini.txt,complete,30,30,1569,5109,397,7075,1,97,21.69,
2026-07-20T23:15:19,Xylem Inc,questions\Xylem Inc.txt,answers_gemini\2026-07-20\Xylem Inc_answers_gemini.txt,complete,30,30,1848,5371,636,7855,1,98,23.47,
